Date,BVR_mean_RDOsat_percent_13,BVR_mean_EXOChla_ugL_1.5,BVR_mean_EXOfDOM_QSU_1.5,BVR_mean_EXOTemp_C_1.5,BVR_mean_EXODOsat_percent_1.5,BVR_mean_schmidt_stability,mean_ShortwaveRadiationUp_Average_W_m2,mean_AirTemp_C_Average,mean_WindSpeed_Average_m_s,sum_Rain_Total_mm
2020-07-01,0,5.444444444,14.06715278,24.13136111,129.0303472,73.04663357,291.992367,25.57627581,1.985403472,0
2020-07-02,0,5.609571429,14.10435714,24.80361429,130.5355814,78.77398744,279.8515914,24.74258726,2.005536806,0
2020-07-03,0,6.260555556,15.00076389,24.8635,139.7221528,83.20176374,322.1496971,25.13529209,2.095717361,0
2020-07-04,0,6.514652778,15.46222222,25.19096528,144.3711806,87.52783061,269.9207897,26.10573673,1.874011806,0
2020-07-05,0,6.972152778,15.75097222,25.50745833,146.84625,92.08762846,298.321975,26.60787326,1.271593056,0
2020-07-06,0,7.058472222,15.91423611,25.92570139,149.1289583,97.03890625,305.8661188,26.61955589,1.527257639,0
2020-07-07,0,7.177708333,16.00458333,26.46911111,150.7645139,98.69906364,294.0674719,25.79609251,1.438295833,0
2020-07-08,0,7.398333333,15.95715278,26.74616667,149.6526389,99.0011106,276.2880508,26.49691831,1.204286111,0
2020-07-09,0,7.446666667,15.23590278,27.12480556,141.7195833,99.10682827,230.0720797,26.43126144,1.209453472,0
2020-07-10,0,6.946736111,15.15090278,27.23697222,140.1996528,101.644446,251.8336076,26.61369974,1.443691667,2.54
2020-07-11,0,4.4275,11.84875,28.07889583,114.9804167,104.9882613,288.062834,25.87662103,2.080988889,0
2020-07-12,0,5.142152778,12.57388889,26.99463889,114.3102083,99.7822696,251.9639222,25.88853448,1.894992361,0
2020-07-13,0,4.617777778,12.53645833,26.85352083,114.1080556,98.98683408,296.6854535,24.95323474,2.260813194,6.858
2020-07-14,0,4.335555556,12.87909722,26.98272917,115.1078472,101.4094467,288.5620625,25.95597924,1.922154861,0
2020-07-15,0,3.962638889,13.30902778,27.08367361,115.7024306,101.526929,299.7023715,26.53287563,1.402618056,0
2020-07-16,0,4.46,14.32243056,26.91486111,115.4846528,100.3305115,173.3021681,26.69307639,1.609129167,0
2020-07-17,0,3.403125,12.89569444,27.31913194,111.0525694,104.0043757,223.3607542,27.17228114,1.124680556,0
2020-07-18,0,2.717762238,12.56118881,27.62330769,110.9206294,107.0502031,283.9134604,27.79285673,1.6197875,0
2020-07-19,0,2.008194444,12.15819444,28.41560417,112.6797222,113.7374264,275.0860312,28.48812394,1.704447917,0
2020-07-20,0,2.007013889,11.99861111,28.56726389,110.8624306,113.4473764,221.0534681,27.61110972,1.923277083,2.794
2020-07-21,0,1.985694444,12.20222222,28.41806944,109.7520833,111.9198282,186.878466,26.26133196,1.684479167,11.43
2020-07-22,0,1.859027778,12.22527778,28.21619444,110.6429861,110.550894,252.4051535,26.52391623,1.992513194,5.588
2020-07-23,0,1.893356643,11.97454545,28.09603497,109.8694656,108.4861925,175.9858049,25.92942619,1.681167361,5.08
2020-07-24,0,2.276666667,12.37534722,27.58613889,110.1386111,105.0396534,244.1010472,26.39910868,1.579582639,4.318
2020-07-25,0,1.955,12.28715278,27.64376389,112.2102083,106.8635865,259.8783035,26.72282029,1.751403472,3.048
2020-07-26,0,1.774583333,12.10916667,27.96745139,113.5731944,109.0331572,213.6101715,26.94055806,1.620191667,1.778
2020-07-27,0,1.52375,11.85895833,28.20518056,114.1141667,114.3214104,253.5509312,27.25369706,2.016701389,1.016
2020-07-28,0,1.539166667,11.73493056,28.33932639,113.630625,112.3144475,226.4866514,26.48133928,2.176333333,2.286
2020-07-29,0,1.743472222,11.83576389,28.30216667,114.0377083,110.6522338,215.9701306,26.27396546,1.416704861,1.27
2020-07-30,0,1.826527778,11.77875,28.4361875,114.5353472,110.4327409,155.0397035,25.61119662,1.361965972,7.366
2020-07-31,0,1.9825,11.53659722,28.37740278,112.961875,108.781584,158.6734951,24.74229371,1.446297222,
2020-08-01,0,4.127361111,12.46013889,27.79217361,112.5027778,104.2024303,186.8062715,24.16295139,1.219531944,10.922
2020-08-02,0,2.692291667,12.36506944,27.7899375,115.1738194,104.9828795,208.6236243,24.69241667,1.22878125,0
2020-08-03,0,2.986944444,12.41875,27.36202778,113.0461111,99.50579014,90.39906111,22.00384028,1.293957639,6.35
2020-08-04,0,2.657777778,12.69645833,26.92677083,111.7376389,78.83270235,281.4075688,23.70707639,2.244395833,0
2020-08-05,0,2.268958333,12.44173611,26.96329167,113.8438194,79.38456721,208.0750785,23.20357639,1.667355556,10.922
2020-08-06,0,2.680070423,12.62802817,26.71551408,113.9471538,77.65529952,170.5750326,22.28485417,1.310903472,0.508
2020-08-07,0,2.797222222,12.75993056,26.50513194,113.7088194,76.77937451,237.78775,22.90484722,1.129763194,0
2020-08-08,0,2.348611111,12.63506944,26.805375,116.6404167,78.79665221,246.1918215,23.78145139,1.252909028,0
2020-08-09,0,2.44,12.60097222,27.20179861,118.9827778,80.93129859,256.0278632,24.16888194,1.285296528,0
2020-08-10,0,2.081944444,12.17354167,27.58318056,119.3158333,83.41417682,230.828159,24.76272917,1.532651389,0
2020-08-11,0,1.9125,12.18791667,27.70506944,120.9879167,84.47779357,245.4557729,26.39463617,1.150495833,0
2020-08-12,0,2.039714286,12.0875,27.97630714,121.1102143,85.71354442,157.4623229,26.23246724,1.480985417,0
2020-08-13,0,2.570820896,12.44761194,27.60356716,118.8303226,83.88785538,112.5746986,25.0166875,0.932049306,11.176
2020-08-14,0,3.194295775,12.76788732,27.1004507,116.9443662,81.15467026,109.500834,23.76945833,0.899097222,21.844
2020-08-15,0,5.486597222,13.04534722,26.14859722,110.8539583,74.74249519,46.52503194,19.65545139,1.7475875,22.352
2020-08-16,0,5.582237762,12.82944056,25.10313287,107.7094406,66.17184465,124.2505236,18.61729861,2.373675,0
2020-08-17,0.005122921,4.548394161,12.38773723,25.42886861,109.7418254,68.15390541,244.1539993,22.13109028,1.730372222,0
2020-08-18,0,4.411958042,12.66881119,25.03683217,111.5940559,65.04952944,227.0277264,22.78782751,1.520640278,0
2020-08-19,0,3.409716312,12.31659574,25.31829787,115.7058865,66.19762908,236.5236701,23.03270833,1.8962875,0
2020-08-20,0,3.789352518,12.64532374,25.18894964,115.6335938,65.1249445,216.8565132,22.95490972,1.130652083,0
2020-08-21,0,4.788680556,12.7725,25.11900694,114.6692361,64.72316897,90.96889167,22.48983333,0.747109722,1.778
2020-08-22,0,4.025,12.69743056,25.02281944,115.1540278,64.05768817,190.6939778,23.65965972,1.061782639,0.762
2020-08-23,0,3.40951049,12.40188811,25.2693007,117.7341259,65.65149576,218.9693569,23.88802666,1.167983333,0
2020-08-24,0,3.637638889,12.28520833,25.62161111,120.1445833,67.89126469,222.8135806,25.17664114,1.444486111,0
2020-08-25,0,3.668055556,11.60631944,26.31029861,120.3821528,72.45889085,247.2649972,26.50266294,2.23569375,0
2020-08-26,0,4.073971631,12.01503546,25.83831206,115.8530769,69.92958355,235.4942521,25.82202797,1.923936111,0
2020-08-27,0,4.4475,11.62361111,26.64415972,119.7316667,73.95670808,191.4074368,26.56561779,1.720998611,0
2020-08-28,0,4.446111111,11.85625,26.44175694,118.6254861,73.89401824,167.3163354,27.36780971,1.282593056,0.254
2020-08-29,0,4.681736111,11.79854167,26.53403472,119.2310417,74.86628484,155.9991868,26.2696676,1.388267361,2.286
2020-08-30,0,5.106944444,11.675,26.15621528,116.0092361,72.02530904,211.5533028,24.93724942,1.297498611,0
2020-08-31,0,6.734791667,11.80486111,25.54322222,112.1557639,66.69276464,45.12274444,20.62850694,1.270397917,51.816
2020-09-01,0,8.699375,12.17638889,24.67092361,101.0501389,60.46070271,73.36825208,21.22977778,0.966625694,5.334
2020-09-02,0,7.897972028,12.64734266,24.63672028,106.9927273,61.14565607,205.8027194,26.60263497,1.38453125,0
2020-09-03,0,6.839160839,12.18482517,25.57930769,116.5147552,66.61652602,216.9314813,27.40942581,1.895847917,0
2020-09-04,0,6.558811189,11.37944056,26.21637762,118.1132867,69.4028519,218.0975569,25.59209192,2.031634722,0
2020-09-05,0,6.896736111,11.83256944,25.47170139,117.0621528,65.70446041,266.1476215,22.03466395,2.3010875,0
2020-09-06,0,7.453636364,11.93818182,24.90818182,118.7502797,61.01207198,246.5785069,20.91851741,1.771408333,0
2020-09-07,0,7.541111111,12.49854167,24.59485417,119.2433333,58.89148891,245.1309465,22.03909128,1.514304167,0
2020-09-08,0,7.418611111,12.30958333,24.68011806,121.968125,59.79924384,241.4783465,22.95699367,1.645351389,0
2020-09-09,0,8.782773723,12.43007299,24.69364234,121.9949206,59.26172226,108.389441,23.93186632,1.27475,0.254
2020-09-10,0,8.306597222,12.37131944,24.81008333,123.5065278,60.06055372,137.5251708,24.25699346,1.459247917,8.128
2020-09-11,0,8.800347222,12.54173611,25.03843056,124.6781944,61.43120205,142.9072542,24.98712794,1.874184722,0
2020-09-12,0,10.84594406,13.01055944,24.24711888,107.1530769,56.57341684,56.29822292,22.769625,1.503621528,0
2020-09-13,0,10.20979021,13.09916084,23.79400699,97.26531469,53.42993618,177.8904042,22.95558188,1.225822917,0
2020-09-14,0,9.238194444,12.42555556,24.33569444,113.281875,57.14514847,192.2980313,23.28929556,2.124629167,0
2020-09-15,0,10.43958333,12.64020833,23.82645833,110.816875,53.01825534,165.5540188,17.18547126,1.233890278,0
2020-09-16,0.024341223,11.47625954,12.61045802,22.73245802,96.89725,46.24997673,147.0629167,13.8687625,1.543945139,0
2020-09-17,0,11.87188811,12.66643357,22.04394406,90.09377622,41.70101502,26.37713889,17.37714583,1.3975125,0.254
2020-09-18,0,10.06608392,12.50965035,22.07225874,94.17622378,40.73355179,186.9454646,20.04940574,4.17313125,0
2020-09-19,0,10.44888112,12.60874126,21.3711049,92.4751049,37.29566897,189.8172542,13.34565436,2.238028472,0
2020-09-20,0,9.652361111,12.7275,20.33202083,85.17965278,30.66974136,240.9376139,11.3743928,1.756980556,0
2020-09-21,0,8.752937063,12.68216783,19.79241958,91.34496503,27.66409056,235.5509611,12.54687911,1.655982639,0
2020-09-22,0,7.428194444,12.43090278,19.70420833,92.45430556,26.94684295,229.2890146,14.53719402,2.436199306,0
2020-09-23,0,7.946363636,12.41146853,19.38953147,93.42426573,25.29011628,192.4066646,18.3907455,2.169334028,0
2020-09-24,0,8.64875,12.61194444,19.41419444,94.82263889,25.29097743,70.76666736,18.25548528,1.524892361,0
2020-09-25,0,9.832569444,12.83805556,18.92208333,91.154375,22.60546789,27.31670347,16.94069444,1.009295833,37.846
2020-09-26,0,9.156783217,12.66090909,19.00111888,90.21,22.41672659,159.2512757,18.78132406,1.520629167,0.254
2020-09-27,0,9.587622378,12.76447552,19.05346853,96.19300699,23.39933212,150.6775063,19.44304422,1.265239583,0
2020-09-28,0,10.45454545,12.97251748,19.21456643,99.35594406,24.06616066,114.3875167,19.768875,1.463219444,4.064
2020-09-29,0,10.31534722,12.83916667,19.28822222,99.55118056,23.55162029,20.79732014,16.65698611,3.046605556,32.512
2020-09-30,0,9.428391608,12.46118881,18.62382517,90.81958042,19.42786972,220.6451896,14.95804218,1.578967361,0
2020-10-01,0,9.24962406,12.36676692,18.73820301,91.89663934,19.85228146,169.1806715,18.22797222,2.394413889,0
2020-10-02,0,10.0925,12.37145833,18.56861806,94.96604167,19.07625121,215.2152139,15.37884725,2.75513125,0
2020-10-03,0,11.80167832,12.53461538,17.76256643,89.40923077,15.33599252,201.2957007,12.90006581,1.857340972,0
2020-10-04,0,12.78520833,12.61576389,17.40990972,91.49861111,13.82463799,193.6122229,14.25457616,1.165295139,0
2020-10-05,0,11.47656,12.4876,17.584616,94.48286957,14.67544993,213.7145597,14.38912934,2.652088194,0
2020-10-06,0,12.72874126,12.46454545,17.31560839,93.15391608,13.82326118,207.2446576,16.06020582,1.428746528,0
2020-10-07,0,10.15305556,12.24402778,18.07596528,98.00638889,17.49964501,199.8383632,21.99725592,2.467146528,0
2020-10-08,0,10.32118881,12.24916084,18.09691608,99.22643357,17.1702537,202.3272014,20.85939223,2.473579861,0
2020-10-09,0,13.42888112,12.43216783,17.4652028,96.10433566,14.19199514,138.3693135,16.49631006,1.258997917,0
2020-10-10,0,14.09805556,12.52034722,17.40295833,99.06180556,13.96728092,40.40365486,18.51422448,1.172495833,13.716
2020-10-11,0,14.14229167,12.614375,17.24931944,90.33097222,13.23677105,27.59384028,19.71128631,1.631935417,26.416
2020-10-12,0,15.12475524,12.56384615,17.36739161,93.9251049,13.74796845,46.50727778,21.08200157,1.305128472,1.27
2020-10-13,0,12.30006944,12.41291667,17.86684722,98.18854167,15.72601205,180.4543701,19.56718116,2.630004861,0.254
2020-10-14,0,11.95126761,12.41169014,17.15538732,90.10167939,12.40414071,184.980666,17.56700538,2.301853472,0
2020-10-15,0,13.13256944,12.60645833,16.77144444,88.00715278,11.08343308,151.0634576,17.63096486,1.3022875,0
2020-10-16,0,10.75181818,12.52405594,17.01053147,93.96545455,10.82119305,79.49688333,14.4980403,4.23745625,0
2020-10-17,0,10.271875,12.48138889,16.31429861,86.66131944,8.955071279,180.9677993,8.833940515,1.966526389,0
2020-10-18,0,10.93506944,12.55048611,15.65801389,81.04625,7.022504124,174.008984,9.205671528,1.436092361,0
2020-10-19,0,12.13798611,12.64541667,15.46572917,85.52194444,6.59350822,168.2390181,12.68177847,1.446398611,0
2020-10-20,0,11.41293706,12.5472028,15.86601399,90.39895105,8.371571716,165.8523799,15.39976389,1.341619444,0
2020-10-21,0,12.1941958,12.54433566,16.06074825,93.20531469,9.362265703,167.8566806,18.013375,1.390729861,0
2020-10-22,0.025379306,12.98486111,12.59840278,16.33148611,96.23270833,11.67324458,165.9456833,18.45468056,1.39188125,0
2020-10-23,0,13.34246479,12.61661972,16.64191549,99.17866197,12.53420917,169.2154889,18.24664583,1.300372917,0
2020-10-24,0,10.40197183,12.11901408,18.1378662,104.1252113,18.81781736,113.490166,19.00342361,1.869799306,4.572
2020-10-25,0,17.85160839,12.81972028,16.52385315,98.91111888,11.46572714,26.61519514,10.66013889,1.17244375,16.51
2020-10-26,0,14.64511278,12.52255639,16.48745113,99.05713115,11.62861718,164.7628562,13.48061806,1.328559722,0
2020-10-27,,16.46744681,12.45531915,16.74384397,99.5858156,,65.24642153,16.15511111,1.567127778,0
2020-10-28,,16.88398601,12.53531469,16.63348951,100.0913986,,40.74101319,16.60275694,1.053977083,0.762
2020-10-29,,16.33900763,12.55430556,16.81364583,94.41381944,,54.16537847,19.42375,2.170951389,50.8
2020-10-30,0,12.06713287,12.48776224,16.5491958,94.03657343,8.59895875,111.3116694,11.51355903,3.267709028,0.254
2020-10-31,0,11.84375,12.67819444,15.03121528,76.80875,5.367730096,140.9711063,6.532913889,1.696321528,0
2020-11-01,0,9.508671329,12.71076923,14.5516993,72.41517483,3.384575809,124.8413944,10.18658819,2.278422917,13.462
2020-11-02,59.08179052,9.11013986,11.91818182,13.14604196,76.75083916,0.169987909,167.6767215,4.512865278,2.845149306,0
2020-11-03,64.59764646,8.674615385,11.4634965,12.30425874,76.33230769,0.245366201,161.5731472,9.613139583,3.122956944,0
2020-11-04,40.73029014,8.856319444,11.65479167,11.98927778,73.38680556,0.523676524,157.8305382,11.37999653,1.936751389,0
2020-11-05,36.18147736,8.31986014,11.81818182,11.95925874,75.24188811,0.90726254,154.3638688,11.55953333,1.752027778,0
2020-11-06,41.25015299,7.201328671,12.0379021,12.31568531,81.02692308,2.031528352,152.8332993,13.68254167,2.1554875,0
2020-11-07,36.30555778,8.60048951,12.11440559,12.33135664,83.17482517,2.0535516,149.356684,14.69598286,1.903288194,0
2020-11-08,27.95646701,9.817569444,12.21694444,12.48781944,85.808125,2.53554821,136.0739028,15.48042361,1.764528472,0
2020-11-09,22.81495125,11.0465035,12.29545455,12.65243357,87.53454545,2.951944749,135.8355431,16.46461806,1.554005556,0
2020-11-10,23.05355752,14.97784173,12.38338129,12.75110072,88.32625,3.716137306,85.42180069,18.37261806,1.400328472,1.27
2020-11-11,23.43731569,14.92021127,12.43028169,13.07792958,85.81394366,4.935474765,15.90333958,19.26213889,1.711588194,64.516
2020-11-12,16.60083149,12.95450704,12.72661972,14.65902817,92.65732394,17.49137208,15.74242708,15.37545833,2.0814,34.29
2020-11-13,5.712652035,13.39722222,13.27715278,14.56763889,95.22354167,14.88228691,129.9449313,13.111875,1.547101389,0.508
2020-11-14,1.523448125,12.39188811,13.30972028,13.67231469,89.54293706,8.884757722,130.720316,10.29277431,1.429973611,0
2020-11-15,4.606750257,9.668680556,13.50548611,12.89770139,83.88944444,4.26674777,19.6731625,13.41586111,3.441166667,0
2020-11-16,65.10765819,6.975902778,13.55506944,12.12686806,83.58597222,0.191053856,145.5122201,9.613673611,2.673023611,0
2020-11-17,79.52552875,6.353286713,13.49398601,11.35363636,82.15846154,-0.316438455,92.27994306,6.463439583,3.056334028,0
2020-11-18,79.27794438,6.273680556,13.56541667,10.433625,82.81722222,0.121242757,141.1836146,2.818884028,2.58215625,0
2020-11-19,52.51556292,7.125416667,13.69673611,9.905527778,81.54652778,0.460306528,135.2067958,4.415485417,1.568463889,0
2020-11-20,67.80503576,6.664647887,13.7221831,9.801788732,82.98197183,0.749954976,135.2277097,11.26265654,2.416052778,0
2020-11-21,76.29975792,6.510972222,13.77506944,10.00819444,85.49944444,1.453510949,124.8303347,14.15249306,2.922131944,0
2020-11-22,55.01539097,7.143194444,13.84638889,9.811423611,83.62034722,0.952997175,73.71718542,13.54181944,1.292667361,0
2020-11-23,81.81730958,6.177746479,13.96295775,9.925950704,88.08176056,0.174483099,133.0814562,7.744055556,2.870027778,0.762
2020-11-24,74.70717799,7.496111111,14.03152778,9.523847222,87.13104167,0.154142892,98.05436823,5.176497533,1.569502083,
2020-11-25,64.26207944,7.426153846,14.01594406,9.263622378,85.1613986,0.074156367,46.62977431,7.838296528,2.134002083,0
2020-11-26,72.82568278,6.925874126,14.05734266,9.634314685,87.80629371,0.451735956,125.8172785,13.17024389,1.922345139,0
2020-11-27,68.99401965,7.534405594,14.10027972,9.817636364,90.47027972,1.06725776,110.2667104,9.887584722,1.94814375,0
2020-11-28,77.05897507,7.081818182,14.15496503,9.862636364,92.65678322,0.58355397,124.7944882,9.289898611,2.32790625,0
2020-11-29,74.78146,7.118741259,14.17496503,9.410454545,88.20286713,0.200208177,100.5551625,7.622995139,1.817891667,5.842
2020-11-30,79.87438688,6.536853147,14.14216783,9.33665035,89.80034965,0.097667963,53.84496528,7.457088889,2.098983333,30.734
2020-12-01,89.77367618,5.657083333,14.254375,8.596993056,90.96215278,-0.011700814,56.46182431,0.899670139,3.147748611,0
2020-12-02,89.48805007,6.052657343,14.32895105,7.795468531,91.18034965,0.016294034,127.3420618,2.385575,3.442389583,0
2020-12-03,86.91123007,6.378194451,14.35340278,7.461069444,91.87138889,0.244837988,118.7834764,5.011174306,1.994146528,0
2020-12-04,70.18159722,6.731056345,14.4106338,7.287725352,91.0821831,0.373623919,35.73000694,8.1258875,1.403775694,30.48
2020-12-05,90.20318319,4.994545455,14.42272727,7.086132867,91.75454545,-0.004562949,40.89307639,6.092305556,2.731040972,2.286
2020-12-06,89.09459069,5.681619718,14.43035211,6.913457746,92.18105634,0.114387015,118.9845854,3.836922222,1.883604861,0
2020-12-07,85.65193306,5.542797203,14.42559441,6.751153846,91.71076923,0.015678768,27.57511736,1.053614583,2.247684722,1.016
2020-12-08,90.55436736,4.601388889,14.460625,5.893423611,92.14479167,-0.009347627,121.8763229,-0.084188194,4.310536111,0.254
2020-12-09,90.68499354,5.104861111,14.50868056,5.368270833,92.51013889,-0.00166685,88.92927708,3.800581944,3.214791667,0
2020-12-10,89.03053097,5.714444444,14.50305556,5.342125,92.98944444,0.094445112,102.696234,8.318141082,1.611204167,0
2020-12-11,78.70290951,5.939090909,14.5251049,5.206832168,91.65531469,0.081361893,114.7811528,8.113572222,1.633875,0
2020-12-12,78.38923486,5.560555556,14.47604167,5.332006944,92.53375,0.164789431,98.30000903,11.11151458,2.053105556,0
2020-12-13,84.48507049,4.641678322,14.24083916,6.13820979,95.25909091,0.315412518,117.1389028,11.54867083,1.900129167,0
2020-12-14,87.7464759,4.408671329,14.16391608,6.12313986,95.4048951,0.350529722,50.12539444,5.618957639,3.2581,30.734
2020-12-15,90.44068813,4.834236111,14.20548611,5.670423611,94.6425,0.087420457,113.3549576,0.628702778,1.686139583,0
2020-12-16,89.65160896,5.104583333,14.25201389,5.336534722,93.31243056,0.001109433,12.43794653,-0.391261806,0.794623611,11.938
2020-12-17,91.17707153,4.592307692,14.31671329,4.962496503,93.45853147,-0.003202149,33.87309028,3.030265278,1.433995139,7.874
2020-12-18,91.68996111,4.559930556,14.32083333,4.712611111,93.93104167,-0.005618376,65.66203819,0.31239375,2.886941667,0
2020-12-19,85.39902868,5.029583333,14.31902778,4.498208333,93.775,0.026539761,88.31274444,-0.18171875,1.387822222,0
2020-12-20,74.10262903,5.30528169,14.2656338,4.428084507,93.15669014,0.020276872,98.79586875,3.917257639,1.357561806,0
2020-12-21,84.06879903,4.679583333,14.17159722,4.610486111,94.23166667,0.019483364,112.3780229,6.81694375,1.953632639,0
2020-12-22,93.29045444,4.222013889,14.00395833,4.642409722,95.49743056,0.002006358,115.7860271,5.375660417,2.624766667,0
2020-12-23,89.6860684,4.986111111,13.99576389,4.515916667,95.15048611,0.017768694,109.5600479,3.9406625,2.253223611,0
2020-12-24,83.56744743,5.375972222,13.98465278,4.533743056,94.94277778,0.010462897,11.39599375,8.207433333,3.196128472,15.24
2020-12-25,92.87378861,4.266013986,13.85944056,4.085244755,94.92741259,-0.000223484,90.86596319,-5.075914583,3.128502778,0
2020-12-26,91.39091924,4.565314685,13.84048951,3.149594406,94.38251748,0.015681956,94.55020903,-5.252926389,2.858746528,0
2020-12-27,88.49007222,5.350625,13.83895833,2.859486111,93.94,0.185875038,115.8304556,0.154817361,1.5309375,0
2020-12-28,88.92843632,4.812661871,13.75635714,3.045978571,94.73792857,0.06472084,74.78632014,4.809349306,2.282430556,0
2020-12-29,92.31242694,4.590347222,13.68638889,3.021361111,95.64069444,0.035596054,116.8284333,2.293181944,1.809240972,0
2020-12-30,88.47878847,5.238472229,13.54534722,3.310125,96.02020833,0.023305331,110.5381174,1.518597222,1.950222917,0
2020-12-31,91.10018806,5.161527778,13.51666667,3.449631944,96.74006944,0.009404903,79.00203889,10.1420931,1.700969444,0
2021-01-01,90.46101153,5.817622378,13.40447552,3.612293706,97.19678322,0.005872314,11.26030278,2.019015972,1.332090278,15.494
2021-01-02,93.06532354,5.030699301,13.33391608,3.747202797,97.75965035,0.001112482,109.427684,8.780595139,2.26335625,0
2021-01-03,93.80604292,5.598749993,13.26930556,4.058555556,98.588125,0.000469556,43.56069792,6.134402083,1.403890972,3.302
2021-01-04,95.08609014,5.509507042,13.22514085,4.12915493,98.77091549,-0.000961959,43.21106528,2.92055625,1.411238889,0
2021-01-05,93.24241708,5.138472222,13.129375,4.109673611,99.17104167,-8.99E-05,73.59779583,3.558874306,2.068444444,0
2021-01-06,96.40733722,4.834475524,13.07083916,3.944048951,98.95643357,-4.19E-05,95.76796597,2.710475694,3.02018125,0
2021-01-07,92.74206396,5.417986111,13.01152778,3.738229167,98.66979167,-0.004294373,112.2127556,1.863766667,2.047497222,0
2021-01-08,88.62920625,6.052430549,12.93736111,3.778958333,99.04069444,0.004555684,25.88857708,1.651039583,1.942156944,2.032
2021-01-09,96.13660833,4.772681159,12.90913043,3.486543478,98.7034058,-0.000146015,128.257175,1.2595375,4.999774306,0
2021-01-10,95.44718465,5.372957746,12.86753521,3.136915493,98.20260563,0.026978959,122.4940181,0.814138889,2.733688194,0
2021-01-11,90.09801118,6.405972215,12.89284722,2.662263889,98.12055556,0.323974253,29.59885833,1.034045833,1.662394444,0.508
2021-01-12,95.32198306,5.263706287,12.81699301,2.828706294,98.86573427,0.04742724,130.1350771,4.073502778,2.611719444,0
2021-01-13,95.82148785,5.521597222,12.736875,2.894756944,98.76902778,0.045867392,133.3073,2.707144831,2.54545,0
2021-01-14,96.00870979,5.622097902,12.69104895,2.728741259,98.71524476,0.099241564,133.8842229,3.771490972,2.662386806,0
2021-01-15,92.15637917,7.017152764,12.57736111,3.226701389,99.35319444,0.092548341,24.52274167,0.435061806,1.802006944,3.81
2021-01-16,92.80314125,6.221468531,12.62426573,2.610062937,98.92888112,0.141893488,55.21167361,0.831928472,2.360645139,0.508
2021-01-17,96.0622809,6.548041958,12.52041958,2.598979021,98.80874126,0.045768812,68.61494236,2.542439583,1.801606944,0
2021-01-18,96.28718618,6.565594406,12.4851049,2.58341958,99.01307692,0.058985334,52.99981528,1.273136111,2.014464583,0
2021-01-19,95.37918347,6.902916653,12.42236111,2.620006944,99.25694444,0.052429909,100.9234201,3.515336806,1.765224306,0
2021-01-20,96.96004271,6.284722215,12.39229167,2.696652778,99.55111111,0.055580437,138.968975,2.502418056,2.740638194,0
2021-01-21,96.91634576,6.142361111,12.363125,2.631270833,99.67409722,0.040800098,138.2060257,4.546109028,2.551847222,0
2021-01-22,97.21319132,6.121818168,12.27797203,2.767118881,99.96167832,0.014258482,117.6102201,4.833158333,2.272540278,0
2021-01-23,97.08450326,6.439930542,12.23979167,2.630930556,99.93763889,0.016249986,147.1690785,-0.21473125,2.577325,0
2021-01-24,93.2299291,8.207361104,12.2175,2.616743056,99.82416667,0.151656928,75.98661806,-0.393782639,1.500435417,0
2021-01-25,91.15060306,8.518333319,12.18951389,2.720083333,100.3313889,0.081050277,11.81535417,2.124247917,1.406043056,19.304
2021-01-26,87.93589507,8.092727238,12.04713287,2.887272727,100.1226573,0.076164332,53.59046111,1.727436111,1.267942361,29.972
2021-01-27,95.64921347,7.072183085,12.02992958,2.801161972,100.3723944,0.030758696,100.6039542,5.529024306,2.139231214,2.032
2021-01-28,96.86825035,6.329513868,11.88277778,2.704548611,100.3261111,0.068442519,79.24341806,-2.682224306,4.14134316,0.254
2021-01-29,97.04348451,6.313194444,11.78826389,2.162916667,99.62215278,0.00702734,154.2444583,-3.933353472,2.423741667,0
2021-01-30,96.2134975,7.375069431,11.73722222,2.05325,99.48590278,0.399168641,110.6609625,-1.884011806,1.756394444,0.254
2021-01-31,89.39679563,9.182083292,11.61104167,2.497090278,100.2115278,0.226344847,27.38157917,-1.836061111,1.516783333,0.254
2021-02-01,93.56815521,6.581678315,11.66475524,1.846769231,99.75405594,0.093827706,76.21817083,-0.178318056,3.825242361,8.636
2021-02-02,96.66229361,5.947361111,11.59854167,1.797708333,99.14479167,0.017598809,92.73730972,-1.677168056,5.225251389,0
2021-02-03,95.89350931,6.119370636,11.64272727,1.399181818,98.45993007,0.015697671,167.0640549,-0.386172917,3.097140972,0
2021-02-04,95.99267701,6.509999979,11.604375,1.316034722,98.54993056,0.051853763,129.2321132,2.030489583,3.153706944,0
2021-02-05,96.18576118,6.75209786,11.47335664,1.826524476,99.69335664,0.118868035,136.9795049,4.243389583,2.173897917,0.762
2021-02-06,97.36696236,6.881398587,11.44867133,1.776447552,99.88839161,0.062883702,84.78077917,3.798188889,2.18326875,0
2021-02-07,97.02439576,6.809513854,11.37958333,1.885611111,100.3308333,0.171941179,125.172384,0.720845833,2.850984722,5.842
2021-02-08,96.59146694,7.078888882,11.33652778,1.871027778,100.1677083,0.185731162,154.4898719,-0.591462197,1.807169757,0
2021-02-09,96.96728278,7.071666646,11.22826389,2.348513889,101.2294444,0.045307082,140.1054111,6.063460417,1.744411111,0
2021-02-10,98.4989916,8.406111063,11.12034722,2.618638889,102.0020833,0.018601015,43.59865139,3.393581944,1.746974306,0
2021-02-11,94.15336438,9.186944438,11.09347222,2.721965278,102.1233333,0.0322379,15.84877917,1.639077778,1.249514583,10.16
2021-02-12,89.65621278,9.090555528,11.07743056,2.649263889,101.8545833,0.098849119,28.46618125,-1.965734028,1.056925694,0
2021-02-13,82.16865306,8.862152757,11.05868056,2.583833333,101.9476389,0.13878442,29.99334583,-0.3537375,0.903763218,10.668
2021-02-14,81.62496438,8.355833306,11.02763889,2.407083333,101.9530556,0.271409963,33.89455069,0.905529861,0.694399425,15.24
2021-02-15,79.62850694,8.855972208,10.99541667,2.726256944,100.8215278,0.14444101,28.18799514,0.484179861,1.129783333,13.716
2021-02-16,92.07186174,7.156041653,10.88354167,2.752013889,101.6786111,0.03315712,132.6413951,0.8624875,1.995454861,1.016
2021-02-17,97.58938785,6.849791653,10.88909722,2.480993056,100.7561111,0.021854767,139.6836813,-2.60310625,2.317764583,0
2021-02-18,96.95327292,8.199510462,10.77895105,2.618041958,101.1984615,0.112023346,21.13968056,-1.312029167,1.55481203,0
2021-02-19,96.80551465,6.241736097,10.75729167,2.242388889,100.8660417,0.026757558,137.5343854,0.616022222,3.283881952,20.828
2021-02-20,97.8998641,5.834615385,10.70944056,2.142958042,100.6106294,-0.003007456,192.4195861,-3.716790972,2.837288889,0
2021-02-21,96.19307951,6.364755245,10.62055944,2.282853147,100.8808392,0.072601789,166.6668236,-2.376941667,1.792577778,0
2021-02-22,94.98071903,7.218380261,10.54633803,2.611598592,101.6809859,0.121017513,74.41642639,3.883157639,2.649949306,6.604
2021-02-23,99.09593,6.010633789,10.4113986,2.71993007,101.7958741,-0.011511255,191.7333146,7.850836301,2.227903472,0
2021-02-24,99.23111368,6.059305556,10.28444444,3.106486111,102.4965278,-0.014221445,193.2289597,9.247171094,2.608659028,0
2021-02-25,101.0727283,6.222237748,10.13559438,3.738076923,104.0025175,-0.005608221,196.5400438,9.511878983,2.775629167,0
2021-02-26,99.93303764,7.811527764,10.02104163,4.234083333,104.7011111,0.000317233,27.90470889,3.940310417,1.723358333,5.588
2021-02-27,97.27474007,7.560069937,10.03486106,4.287166667,104.6601389,0.012943816,64.59389514,5.703652083,1.112288889,11.176
2021-02-28,92.87785382,8.699861125,10.01145826,4.446597222,104.7034028,0.041825502,32.16942708,9.517034722,1.461535417,8.636
2021-03-01,101.5182422,8.20767607,9.934861049,4.872305556,104.7763194,0.004341534,39.26989722,9.665334028,2.689828472,6.096
2021-03-02,99.77145319,7.109370643,9.85832158,4.819958042,104.0583916,0.073758259,160.3540729,2.260572222,2.2202375,0
2021-03-03,99.10118958,6.819230769,9.711944465,5.154840278,105.1974306,0.107680694,220.4793625,6.343772741,2.320335417,0
2021-03-04,102.8269014,6.677323944,9.56971831,5.549338028,105.7796479,0.041711168,217.4799486,8.248810633,2.7183625,0
2021-03-05,101.610616,6.761111104,9.570902757,5.306729167,104.3472917,0.02205799,226.0742882,1.775091667,2.723574306,0
2021-03-06,101.1006736,7.605555556,9.500555542,5.306083333,104.2686806,0.034440579,221.5799979,3.68005,2.5997125,0
2021-03-07,99.7044434,7.658794291,9.362183056,5.572316901,105.1019718,0.101742279,223.3878368,2.563172222,1.962800694,0
2021-03-08,99.43319772,7.0898485,8.769477619,6.169738806,105.4415447,0.676711638,230.3084521,4.867490972,2.051283333,0
2021-03-09,99.28581674,6.281468531,8.19118879,6.562363636,105.3074825,1.213780007,210.9265299,10.95813737,2.154982639,0
2021-03-10,97.94258674,7.358732373,8.202394324,6.632119718,105.7687324,1.756409956,213.9628979,11.80483194,2.169577083,0
2021-03-11,97.08122139,7.683541667,8.221527826,7.119673583,108.1763889,2.954757064,186.0556639,13.8991031,2.02860625,0
2021-03-12,96.25708826,8.311619732,7.913450725,8.962380282,109.6142958,5.628694792,63.17758611,15.59829167,2.4258125,0
2021-03-13,95.05790181,8.494236104,7.918472229,9.008715229,107.7857639,5.580373186,122.0092083,11.31653333,2.383895833,0
2021-03-14,94.98823597,8.280208347,7.94083334,8.642597167,106.5086111,3.217871207,132.0973222,10.62543125,3.643427778,0
2021-03-15,94.57413271,9.952307699,8.161538545,7.736510483,105.0020979,2.449129415,88.31631667,5.739869444,1.813577778,1.27
2021-03-16,92.04380333,11.0459722,8.279375125,7.133402778,104.3200694,1.495763862,100.2613979,3.587916667,1.860883333,0
2021-03-17,91.43162438,9.696293734,8.255174783,7.322741259,104.5879021,1.676909011,195.4306146,7.803357639,1.852568056,1.27
2021-03-18,89.89101556,11.97819444,8.18861116,7.626729194,104.7291667,1.742409255,36.14968056,8.196836806,1.92709375,18.796
2021-03-19,89.49382486,9.362430556,7.985000153,8.441506986,105.3782639,2.978801669,252.4422958,6.573997917,3.917944444,11.684
2021-03-20,88.27593153,9.798671329,8.029021063,8.309657315,105.571958,2.946200327,253.6102854,4.922511111,1.52931875,0
2021-03-21,87.19680424,9.482727238,8.00573428,8.388881105,106.0417483,3.04139905,255.7414875,7.282116667,1.753719444,0
2021-03-22,86.08975021,9.309790203,7.898741287,8.806384559,107.0705594,4.114356299,252.5001056,10.08103194,2.048002083,0
2021-03-23,84.54601938,11.80482518,7.851608427,9.174188839,107.323986,5.127636696,52.98086875,10.01925347,1.643330556,3.81
2021-03-24,83.41389882,10.51384616,7.881118888,9.61696507,107.7984615,6.631186021,98.21078681,12.035125,1.290113889,0.508
2021-03-25,82.58212208,10.63361107,7.860000042,10.01911109,108.4788889,8.085162558,53.95782014,13.49984722,2.2039375,8.382
2021-03-26,81.61246188,7.870769245,7.700000049,11.33469232,108.8559441,11.44911739,244.7857333,17.78079861,2.723613889,3.048
2021-03-27,80.41221986,8.829999979,7.687361111,11.82200001,109.0836806,14.18424646,126.0988493,12.92867871,1.745009028,7.874
2021-03-28,78.53875861,9.728819438,7.74166666,11.98734722,107.7945833,12.87888483,61.34355347,13.39985347,2.401417361,10.414
2021-03-29,77.98052563,8.741958049,7.735734266,11.30559441,102.5129371,9.069953694,270.1859625,7.823378472,2.324757639,0
2021-03-30,76.16356278,9.97258742,7.908181881,11.01784615,104.4848951,9.348700641,265.5379778,11.69843889,2.487338889,0
2021-03-31,74.13534257,10.69194444,7.714027778,11.87615972,105.7718056,11.16461066,52.22188958,13.57428542,2.270138889,12.954
2021-04-01,73.80938319,9.273402771,7.810347222,10.96480556,100.5666667,1.040347401,220.0981326,2.803997917,4.61828125,0.508
2021-04-02,90.61514174,9.733566413,7.806993007,9.746279685,98.11237762,0.162414868,284.5328535,0.735370833,4.227196528,0
2021-04-03,90.6132809,11.44489509,7.798111888,9.575965056,98.43524476,2.366136863,274.7313042,5.537763889,2.173161806,0
2021-04-04,88.95935243,10.98958042,7.775384615,10.02384617,101.4698601,1.869701614,221.009384,13.48081806,2.478721528,0
2021-04-05,83.57097094,12.41796877,7.598515625,10.46313281,103.0133333,6.543062845,267.4894597,14.56425069,2.105515278,0
2021-04-06,80.97528563,9.518611111,7.060972222,12.52644444,107.475625,8.476044479,247.5499583,17.16481944,2.264770139,0
2021-04-07,77.65246396,10.065625,7.366458333,12.37495833,108.3661806,8.590491918,238.6264632,17.8617241,2.195750694,0
2021-04-08,70.1715516,9.760208333,7.676597222,11.60269444,108.8854167,6.316087067,199.2538028,17.12567361,2.219274306,1.016
2021-04-09,65.51223111,9.161748252,7.418811189,13.21674126,108.7323077,10.70066136,88.24688125,14.4795,1.410079167,0
2021-04-10,66.22128229,7.472816901,7.506690141,12.98483099,107.775493,10.46497602,91.59758056,14.58176389,2.025411806,17.78
2021-04-11,64.35357889,2.78958042,6.891748252,15.31148252,102.9797902,18.12050766,267.1579167,16.59631944,2.017713889,0
2021-04-12,61.06215743,2.300902778,6.755763889,15.89902083,101.3840972,22.00381564,253.7796597,14.56497917,2.846777083,0
2021-04-13,54.61602132,2.170909091,6.735244755,16.07236364,101.071049,21.62014262,217.1167222,16.28186806,2.044661111,0
2021-04-14,46.22554458,2.344652778,7.171458333,15.44415278,102.2065972,19.93044792,167.5198382,15.31408333,1.692635417,4.318
2021-04-15,46.92864479,1.946267606,6.85915493,16.05397887,100.9097183,23.8228262,199.1550076,11.93056319,2.215593056,0.254
2021-04-16,42.55204056,2.060629371,7.315734266,15.07508392,99.35692308,19.8960686,293.8240368,10.72436875,2.482827083,0
2021-04-17,35.67887639,2.502638889,7.565486111,15.03790278,100.1390278,19.24407493,175.9946104,11.09395486,1.607249306,0
2021-04-18,29.0132216,2.560208333,7.560625,15.08320139,100.7379861,19.34082675,229.7504813,12.31768194,1.856900694,0
2021-04-19,22.18819965,2.941458333,7.431597222,15.42945833,101.4039583,20.69451892,176.1830215,11.94221736,1.565279861,7.112
2021-04-20,11.9978834,2.92027972,7.807622378,14.98091608,101.9263636,18.85219212,286.6590583,15.10382778,2.574434028,0
2021-04-21,15.56642355,2.849513889,7.716944444,15.1655,101.6454167,19.42028091,250.5001222,8.658990972,2.123373611,0
2021-04-22,14.10672631,2.977202797,7.75,13.76602797,97.87503497,13.52647755,214.0251951,5.440596528,2.050245139,0
2021-04-23,3.992188319,3.471388889,7.865625,13.11175694,97.91493056,11.45967367,194.7510917,7.972735417,1.583609722,0
2021-04-24,0.03248309,4.665833333,8.021180556,12.65069444,97.30708333,9.852863429,50.66933819,8.209675,1.617404861,15.494
2021-04-25,4.430792563,3.528125,8.033819444,12.61169444,97.15347222,7.366370756,259.2737326,11.90439028,3.350570833,0
2021-04-26,12.54444417,3.658888889,8.020069444,12.78697917,97.74486111,8.765940641,301.6920896,15.13009583,1.960016667,0
2021-04-27,8.460826403,3.246111111,7.951041667,13.71504861,100.5918056,12.19209998,298.6545806,19.16987024,2.011948611,0
2021-04-28,12.72684641,2.661666667,7.722013889,15.61297222,103.241875,18.93121323,273.1054493,22.99561806,1.759022222,0
2021-04-29,10.96639399,2.670559441,7.487412587,17.4110979,103.9906294,26.93037962,181.418175,22.75080556,2.095504861,0
2021-04-30,15.97881944,2.203472222,7.288125,17.96860417,98.40729167,29.68263512,315.7201826,16.872375,3.821022917,0
2021-05-01,18.53078628,2.550902778,7.762986111,15.95395833,96.69013889,21.12435559,320.7361264,13.08482917,2.423316667,0
2021-05-02,14.90423901,2.414861111,7.799444444,16.05205556,98.19652778,21.48629992,276.2260493,19.67984722,2.042979861,0
2021-05-03,8.914022531,3.505177305,7.92141844,16.53059574,98.94176923,23.14067331,70.23687569,17.82402778,1.565615278,3.81
2021-05-04,13.79478591,2.435942029,7.723695652,17.62158696,99.5742029,28.038845,199.9053903,20.30458333,1.688997917,1.27
2021-05-05,14.70121535,2.218194444,7.352361111,19.16685417,100.5696528,35.84465431,243.0869014,18.4343125,2.499143056,0.508
2021-05-06,8.840129951,2.520694444,7.477361111,18.64763889,99.54763889,32.57807544,314.7515847,12.16106667,1.855366667,0
2021-05-07,5.129034694,2.726293706,7.464265734,18.08507692,98.96888112,30.81602497,169.1769194,10.03134861,1.832063889,0
2021-05-08,4.335520965,2.38958042,7.527132867,17.19604895,98.81895105,26.44743557,331.8907944,11.31562847,2.510965278,0.254
2021-05-09,0,2.928055556,7.708819444,16.90988194,99.669375,24.9168684,254.9632944,14.76316944,2.494278472,0
2021-05-10,0.52703584,2.631180556,7.483055556,17.48278472,100.565625,28.05234691,222.5399812,16.43170139,2.644448611,0
2021-05-11,0,2.967132867,7.465384615,17.64652448,101.0536364,28.02671893,271.3132583,14.11417361,1.669971528,0
2021-05-12,0,2.800915493,7.427394366,17.17804225,100.1804225,25.85425214,158.9625306,10.02480556,2.505300694,0
2021-05-13,0,2.745944056,7.391538462,17.01727273,100.459021,24.56763552,289.0472472,11.87507986,2.132606944,0
2021-05-14,0.009311683,2.223357143,7.2305,17.23271429,101.2917054,25.43702742,221.9311938,12.81539514,1.49615625,0
2021-05-15,0,1.674166667,7.021041667,17.47736806,102.2379167,26.48036155,304.0066958,14.09103889,1.842166667,0
2021-05-16,0,2.041338028,7.080352113,17.54119014,101.8690845,26.47087765,80.78487083,12.95277778,0.939765972,0.254
2021-05-17,0,2.141736111,7.204722222,17.25734722,101.1642361,25.41063986,103.1245104,13.78883333,1.124509028,0
2021-05-18,0,2.102042254,7.154577465,17.33303521,101.5442958,25.69603314,202.5055458,15.587125,1.268005556,0
2021-05-19,0,1.835594406,6.84965035,17.93874825,103.451958,28.46666073,294.1038222,17.72418056,1.601669444,0
2021-05-20,0,1.585874126,6.552797203,18.88762238,105.0704895,32.22270782,327.2225437,19.26311111,1.801849306,0
2021-05-21,0,1.68,6.46141844,19.64949645,106.452695,35.85908638,321.3384368,19.91751009,1.496806944,0
2021-05-22,0,1.824305556,5.727361111,21.38763889,106.7976389,44.12401616,245.5852556,21.20963889,1.960080556,0
2021-05-23,0,2.095555556,5.532152778,22.50213194,105.611875,50.88498521,264.1905549,24.54111111,2.944497222,0
2021-05-24,0,2.512777778,6.046180556,21.88332639,104.4374306,46.96060995,140.0397625,22.70699306,2.029994444,0
2021-05-25,0,2.732569444,6.332638889,21.52924306,104.4409028,46.33462194,191.3970535,20.26733333,1.249741667,0
2021-05-26,0,1.804375,5.770555556,22.72550694,104.3933333,52.70947827,250.2678493,24.66554861,1.631099306,0
2021-05-27,0,1.529230769,5.693356643,23.10505594,103.1386713,56.87934777,255.8937486,22.43152083,1.787243056,0
2021-05-28,0,1.693732394,5.678450704,23.48369718,102.6892958,57.28244024,167.8872806,19.94151389,1.213915278,0
2021-05-29,0,2.167291667,5.823819444,22.86297222,100.0425694,55.22375928,89.07128056,15.93416667,1.911843056,0
2021-05-30,0,2.186805556,6.114166667,21.6061875,99.36173611,47.96093026,184.2335903,12.15240278,2.0966,0
2021-05-31,0,1.499640288,6.132805755,21.10565468,100.095625,44.36359535,301.1057069,15.13604167,1.64880625,0
2021-06-01,0,1.187013889,6.062152778,21.3000625,101.5497917,45.21796267,256.4761681,17.95772222,1.207397222,0
2021-06-02,0,1.148819444,6.144722222,21.62649306,102.3086111,46.64118522,217.789559,19.91034028,1.697092361,0
2021-06-03,0,1.124195804,5.976503497,22.24406993,102.8757343,51.01074011,216.5256861,21.44471528,1.428505556,0
2021-06-04,0,1.175902778,5.649583333,23.32627778,103.9629861,57.43757999,303.8198035,21.93824306,1.913188889,0
2021-06-05,0,0.91993007,5.640629371,23.57390909,103.3857343,58.89387418,323.2190215,23.45018056,2.007197222,0
2021-06-06,0,0.851666667,5.690902778,24.09444444,105.1652083,61.8306553,282.5695306,24.6271875,1.277904167,0
2021-06-07,0,0.872708333,5.605277778,24.78557639,106.4709028,65.76839762,201.1779201,23.31728472,1.152842361,0
2021-06-08,0,0.789236111,5.418888889,25.44245139,105.8797222,69.32718765,273.4125965,22.8949375,1.555475694,0
2021-06-09,0,0.90979021,5.385524476,25.9756014,104.7786014,74.26279651,186.72905,23.30211111,1.379750694,0
2021-06-10,0,0.948802817,6.009929577,25.93752113,106.0327465,73.55109155,163.9267785,22.66345833,0.908067361,0
2021-06-11,0,0.91034965,5.653216783,26.04165035,103.2187413,74.93296056,147.3399833,22.4925625,1.124333333,0
2021-06-12,0,1.15034965,6.16048951,25.68591608,103.2983217,72.527739,201.2848979,21.27588194,1.386938889,0.762
2021-06-13,0,1.301805556,6.542430556,25.482375,104.1806944,71.47095827,243.4055632,21.3421875,1.72474375,1.778
2021-06-14,0,1.266923077,6.47664335,25.79340559,104.2034266,73.60884131,309.8835868,22.95064583,1.605404861,1.778
2021-06-15,0,1.248943662,6.092535211,26.35397887,103.8975352,78.60554528,278.7844521,22.09532304,2.821665278,1.016
2021-06-16,0,1.384405594,6.49993007,25.47381818,102.8636364,71.92524444,342.8196708,19.63295139,2.530584028,0
2021-06-17,0,1.656153846,6.875104895,24.80460839,102.8381818,66.77156403,339.7765,19.1964375,2.652716667,0
2021-06-18,0,1.885944056,7.033986014,24.9279021,103.8963636,67.36079957,312.6195729,21.73264139,1.408509722,0
2021-06-19,0,1.743333333,6.891041667,25.27298611,104.4208333,70.25315325,262.8442597,25.26457949,1.690377778,0
2021-06-20,0,1.772638889,7.025625,25.49420139,104.9414583,70.51672167,217.6858861,24.10486806,1.041539583,0
2021-06-21,0,1.714097222,6.893402778,25.90111111,105.6988889,73.78397229,276.6186563,26.42095833,1.873058333,0.762
2021-06-22,0,2.009513889,6.821597222,25.96090278,103.3022222,73.96073792,172.9695667,21.0830625,2.454119444,12.192
2021-06-23,0,2.472727273,7.381888112,24.66246154,101.6440559,64.54247305,253.5268861,17.63651389,1.582634028,0
2021-06-24,0,2.528951049,7.528461538,24.3143007,102.7081119,61.85024819,228.8573403,18.27066667,1.19158125,0
2021-06-25,0,2.482916667,7.528194444,24.21217361,103.5515278,60.827426,323.4589826,20.05338194,1.217895139,0
2021-06-26,0,2.506901408,7.278521127,24.64706338,105.0803521,63.22296279,275.5705361,23.67382639,1.180969444,0
2021-06-27,0,2.880909091,7.260629371,25.05339161,105.5713287,65.12755055,212.560275,24.45756996,1.363488889,14.732
2021-06-28,0,2.566619718,6.931408451,25.6196831,104.8538462,69.29870291,257.7111549,25.00397094,1.052102778,0.254
2021-06-29,0,2.676573427,7.327692308,26.23721678,108.4748951,73.61382679,299.3323993,24.60822917,1.381674306,0
2021-06-30,0,2.218194444,6.823125,27.13589583,108.6317361,78.98388423,278.1782465,25.83291667,1.461368056,0
2021-07-01,0,2.520763889,6.620347222,27.53500694,106.1029167,81.47519677,156.8599694,24.0958525,1.587569444,16.764
2021-07-02,0,3.075104895,6.916643357,26.61704895,102.9141958,77.38732072,214.9291757,22.45777212,1.806084722,7.62
2021-07-03,0,3.64375,7.351458333,25.67343056,103.2349306,69.73053302,298.2412389,20.75279167,3.040317361,0
2021-07-04,0,4.393472222,7.798125,25.15532639,103.6563194,65.22681657,300.959884,22.51162683,1.714524306,0
2021-07-05,0,4.389722236,7.949444465,25.66442361,106.1786111,68.08426397,294.2760972,24.51281361,1.67740625,0
2021-07-06,0,4.285985923,8.266831007,26.16273239,108.4692958,71.60614998,303.1889806,25.80030753,1.376940972,0
2021-07-07,0,3.384652778,7.764444451,26.73538194,109.1147917,75.29252706,233.2898514,25.47129431,1.606916667,0
2021-07-08,0,4.065594406,8.07986014,26.50715385,107.9422378,73.40419829,119.7308111,23.25945401,1.623574306,1.524
2021-07-09,0,3.831527778,7.66875,26.29788889,106.09125,72.33580765,206.0419479,24.38578393,1.975431944,0
2021-07-10,0,4.157152778,7.885833347,26.22650694,106.0588889,71.63636877,266.4940722,23.69687731,1.8495,2.286
2021-07-11,0,4.686853147,8.32846151,26.32448252,107.6690909,72.0616304,282.9987917,24.60706552,1.464569444,0.254
2021-07-12,0,4.339999993,8.186500036,26.83185,110.5908527,75.51213314,226.3314319,25.52984014,1.238752778,0
2021-07-13,0,3.612638889,8.398472257,27.05370139,118.0946528,76.9660008,281.9206111,25.15057903,1.72089375,0
2021-07-14,0,3.247986111,8.193749986,27.34079861,119.4335417,79.5073384,238.9267986,24.42243768,1.562371528,5.588
2021-07-15,0,2.963611111,8.25923609,27.60257639,120.0430556,81.51791428,248.4702833,24.77924699,1.459102778,0.508
2021-07-16,0,3.153888889,8.394861104,27.87552778,120.2479861,83.60111192,234.0549021,25.42605257,1.532058333,0
2021-07-17,0,3.035,8.705138993,27.87706944,120.7399306,84.20553057,197.4953562,25.41016459,1.786630556,7.366
2021-07-18,0,2.727552448,8.544195881,27.7783986,119.107972,82.80716856,260.5855951,24.90671528,2.096755556,0
2021-07-19,0,3.417183099,9.094718331,27.49755634,119.0437324,81.21933902,238.6445042,23.15418233,1.225179861,0.254
2021-07-20,0,3.046319444,9.113958382,27.44683333,120.5032639,80.73123403,201.1613493,23.24682472,1.720884722,0
2021-07-21,0,3.081111111,9.023194431,27.58227083,120.0811111,81.60685506,264.7006667,25.45073354,2.162830556,0
2021-07-22,0,4.143958333,9.587083299,26.96870833,116.3754861,77.18632238,254.8924264,23.35895924,1.608564583,0
2021-07-23,0,4.019647887,9.699788796,26.9946831,120.493662,77.10016283,239.2241764,23.18887902,1.271319444,0
2021-07-24,0,4.392797203,9.848391622,26.93832168,121.5170629,76.41323689,257.5816285,24.56729118,1.547811806,5.08
2021-07-25,0,4.302013889,9.86326384,27.02209722,121.92125,77.33171433,213.5087917,24.75610018,0.979123611,1.778
2021-07-26,0,3.724615385,9.47524472,27.58409091,122.8554545,81.1725741,193.2868674,24.49871191,1.731533333,36.83
2021-07-27,0,4.527847222,9.738263965,27.46511806,123.4447222,79.39202928,273.3370903,24.75116393,1.670347222,0
2021-07-28,0,3.931328671,9.718881091,28.07027972,128.7870629,84.59441483,292.697525,25.19215278,1.949927778,0
2021-07-29,0,4.220140852,9.662746465,28.41867606,130.0175352,87.09685548,246.2831833,25.46868056,1.623489583,0
2021-07-30,0,3.633888889,8.841111063,28.8691875,126.1695139,90.91079786,286.0079208,26.96664583,2.345145139,0
2021-07-31,0,5.249861111,9.983819417,27.98980556,124.9002083,83.49534391,230.056541,23.88171719,1.297961111,0.762
2021-08-01,0,5.999097222,10.01284723,27.75613889,126.4872917,82.7094319,219.2678979,23.50788346,1.935545833,0
2021-08-02,0,6.143611111,10.05180558,27.11777083,120.2749306,77.19905224,287.8691569,22.99063679,1.91505,0
2021-08-03,0,7.178680549,10.598125,26.58071528,118.5626389,72.76891614,217.05615,21.8119375,0.967889583,0
2021-08-04,0,7.758098613,10.62866197,26.18247183,117.7052817,69.5850127,296.6015813,21.49690972,1.425249306,0
2021-08-05,0,5.837569444,10.35291666,26.266625,121.4389583,69.59973829,288.1744236,22.23778472,1.356168056,0
2021-08-06,0,5.837692308,10.45671327,26.41211189,125.7853147,69.97597836,269.9718097,23.22284717,1.433883333,0
2021-08-07,0,6.511597243,10.29673612,26.38584722,125.51875,69.68746668,165.6861208,22.99846033,1.265121528,0
2021-08-08,0,6.311188811,10.3651748,26.32634965,125.8009091,68.99073226,273.4654326,24.60195652,1.649884028,0
2021-08-09,0,7.094468092,10.72276595,26.64877305,132.8214615,70.71174818,201.4937354,25.25463594,1.259493056,0
2021-08-10,0,6.523706294,10.46671329,27.10613287,135.143007,74.45966618,249.4402236,26.08930685,1.498386806,1.27
2021-08-11,0,6.687986125,10.01902778,27.69129861,133.4655556,77.46574908,151.4263583,25.59168151,1.792422917,2.032
2021-08-12,0,7.240422556,10.32746477,27.18980986,132.0251408,75.54395834,176.0595306,25.67364741,1.897467361,7.62
2021-08-13,0,6.913194438,10.06395831,27.57231944,132.5321528,77.63607273,182.3680528,25.45732639,1.96355,2.54
2021-08-14,0,6.435034965,10.09538459,27.8143007,133.1072028,79.27925285,269.3397354,25.73026137,2.299583333,3.81
2021-08-15,0,8.522957732,11.13083916,27.22231469,126.8562937,75.1458104,174.9607889,23.92292491,1.191595833,53.848
2021-08-16,0,7.874825182,11.22293706,26.3800979,115.3397203,68.96497761,121.4198319,22.92830628,1.035190972,9.144
2021-08-17,0,10.28468531,11.29062937,25.84602797,104.7026573,65.4017393,98.02018182,22.75929371,1.376908392,6.858
2021-08-18,0,11.33708332,12.188125,25.6111875,96.57555556,63.91049772,168.4704757,25.03632639,1.993961806,9.906
2021-08-19,0,6.569020958,11.60174825,26.12248252,116.1492308,66.6596571,205.6401438,24.81672222,1.925820139,21.336
2021-08-20,0,6.108181832,11.56867133,26.34632867,119.0638462,68.24560736,161.9140181,22.74048819,2.221359028,0.508
2021-08-21,0,6.659014099,11.94443662,26.03200704,121.4383099,66.20177585,206.1424549,22.82441094,1.618276389,0
2021-08-22,0,6.207042246,11.51746479,26.59756338,128.1646479,69.71150491,274.7066104,24.18510932,1.913452778,0
2021-08-23,0,6.311397066,11.07404412,27.18315441,130.18448,73.77166458,262.2674986,24.97317253,2.407111111,0
2021-08-24,0,7.015774683,11.36422535,27.25567606,130.2260563,75.46417538,246.2668639,25.86975,1.668282639,0
2021-08-25,0,8.872847201,11.755,27.51152778,137.7216667,77.42552273,250.2826868,25.73839583,1.568380556,0
2021-08-26,0,8.831468497,11.95132867,27.91311888,143.9108392,79.91199078,255.4998229,25.98242254,1.472784722,0
2021-08-27,0,8.29528169,11.08147887,28.33203521,140.8205634,81.40643259,178.2774563,25.70053763,1.341391667,0.254
2021-08-28,0,8.960694451,10.59652778,28.22547917,137.0903472,81.08760738,218.129666,26.77620256,1.437220139,0
2021-08-29,0,9.145244776,10.99552448,28.30347552,140.1369231,82.17369076,247.188009,26.15742602,1.336015972,4.318
2021-08-30,0,8.288943676,10.58690143,28.45293662,135.3735211,86.0249161,235.1790556,25.43080377,1.887111806,0
2021-08-31,0,10.71263892,11.03263889,28.11058333,128.8842361,81.43219665,94.65868819,24.58443066,1.184950694,12.954
2021-09-01,0,13.20489512,11.88384615,26.84732168,112.0839161,71.0590333,75.73940208,22.44921528,2.718671528,23.368
2021-09-02,0,9.542797224,11.22741259,25.83021678,104.8038462,63.5739015,278.0173083,19.10490278,2.952726389,0
2021-09-03,0,9.708741245,11.67027972,25.12561538,103.6513287,59.15542729,267.6763319,18.14831944,1.630025694,0
2021-09-04,0,10.17915493,11.99971831,24.99671831,109.7580282,56.60747161,250.5916021,21.11838507,1.169533333,0
2021-09-05,0,10.04027776,11.60618056,25.22721528,116.0629861,57.89602351,203.1609403,23.97767929,1.239319444,0
2021-09-06,0,10.33685715,11.24364286,25.52445714,121.1908527,60.27662957,253.9275736,21.62224147,2.142784722,0.762
2021-09-07,0,11.83207144,11.46592857,25.1228,121.7162143,58.47078856,253.6286639,21.55505647,1.769190972,0
2021-09-08,0,12.97215278,11.51416667,25.0881875,124.7953472,58.04712017,199.8195285,23.58129349,1.272154167,0
2021-09-09,0,12.61104167,11.03694444,25.01556944,119.1420833,57.11837331,137.9216889,21.77244811,2.643521528,0
2021-09-10,0,12.18847223,10.60194444,24.34195139,107.85625,51.74435439,246.3091826,19.17435348,2.55693125,0
2021-09-11,0,13.29923611,10.94347222,23.72269444,106.6469444,47.84760751,219.3989396,18.85313194,1.469759722,0
2021-09-12,0,11.69694445,10.82805556,23.7655,110.4865278,48.57683473,218.7017556,23.61988473,2.080147222,0
2021-09-13,0,9.877916681,10.67194444,23.98375694,110.4688194,50.20185682,216.6910653,24.88659494,2.937880556,0
2021-09-14,0,8.761597215,10.92340278,24.09653472,112.5219444,50.67210763,223.7426764,24.05319176,1.551602083,0
2021-09-15,0,6.380486125,10.75416667,24.34261806,114.7623611,51.97552749,168.3263306,23.35651645,1.206522222,0
2021-09-16,0,5.882222222,11.00402778,24.3908125,114.5403472,51.56481831,123.6640194,22.54561071,1.202359722,3.81
2021-09-17,0,5.208194444,10.92048611,24.266,115.2054167,50.7893822,110.4871708,22.152875,1.022845833,0
2021-09-18,0,4.527777778,10.64736111,24.51884722,117.4510417,52.39838286,187.9638542,23.25689583,1.392780556,0
2021-09-19,0,4.268333333,10.56979167,24.730375,118.9675694,53.40934573,203.0130424,24.27220476,1.656971528,0
2021-09-20,0,6.982957739,11.40711268,24.15257746,110.2755634,49.18405405,118.0904993,22.53854149,1.48834375,0.254
2021-09-21,0,8.856527806,11.42111111,23.26358333,94.79375,42.81493471,29.27024722,20.07410417,1.320785417,39.878
2021-09-22,0,7.704468078,11.16702128,22.53776596,85.65035461,37.05381369,58.16131042,20.38602778,2.587834028,78.486
2021-09-23,0,6.122430556,11.33958333,21.5836875,90.64576389,30.54929858,220.1709201,15.22508333,2.617048611,0
2021-09-24,0,6.622307671,11.66622378,21.15485315,92.40594406,30.93529616,230.7181243,12.93257569,1.927107639,0
2021-09-25,0,7.742676056,11.6115493,21.11139437,96.80274648,29.92845749,201.7397764,14.93727778,1.887195139,0
2021-09-26,0,7.200140852,11.72274648,20.73583099,100.5209155,27.06138331,224.7972569,15.66544444,2.587983333,0
2021-09-27,0,7.922027979,11.77622378,20.31502098,99.76608392,25.23198243,217.8128882,19.15806174,2.015845833,0
2021-09-28,0,7.687569438,11.71590278,20.4219375,106.6823611,25.60298553,136.0189715,20.80863327,2.466067361,0
2021-09-29,0,8.550069382,11.87361111,20.38659028,108.7079167,25.6485531,204.1574708,19.96861111,1.774409722,0
2021-09-30,0,8.160069458,11.85451389,20.7290625,115.0067361,27.86250945,210.2971833,18.31995689,1.545070833,0
2021-10-01,0,7.806853147,11.86342657,20.8106993,116.7684615,27.79070888,210.2766563,15.94672057,1.4836125,0
2021-10-02,0,7.503888903,11.53479167,20.72879167,117.4478472,28.00062658,192.2513396,18.22520894,1.41494375,0
2021-10-03,0,7.338802838,11.29760563,21.16023239,118.1676761,30.3707965,159.1245813,21.50426548,1.305782639,6.35
2021-10-04,0,6.936875,11.72208333,21.26039583,119.7738889,31.04064316,152.0712389,21.00784028,0.925590278,0
2021-10-05,0,6.509583333,11.165,21.62945833,119.6722222,32.37591588,124.8929938,21.45220139,1.079797222,8.636
2021-10-06,0,7.596223783,12.23979021,21.36383217,119.9695804,30.7353345,64.92515069,21.22654861,1.015711111,0
2021-10-07,0,11.45657341,12.2848951,20.99767133,117.1730769,28.64211292,49.89598403,18.64307639,1.025984028,2.794
2021-10-08,0,12.51208333,11.92777778,20.79720139,114.9764583,27.28962465,57.24825764,17.93770139,0.721765278,0.762
2021-10-09,0,14.4575,12.00888889,20.45206944,106.0688194,25.18088937,50.51661667,17.19495139,1.011418056,0.508
2021-10-10,0,11.88791666,11.73041667,20.35614583,103.5306944,24.47221943,111.947334,17.29736806,2.223493056,0
2021-10-11,0,12.56861111,11.6175,20.22415278,107.0276389,23.57427108,58.23893264,17.26589583,1.023361806,0
2021-10-12,0.007408554,12.86892086,11.84201439,20.01300719,100.1410156,22.28358932,143.0200875,18.67897917,0.66504375,0
2021-10-13,0.004893882,11.33762238,11.56328671,20.54154545,111.7691608,25.29317782,189.6089014,19.26254861,1.581429167,0
2021-10-14,0,10.99573427,11.36958042,20.80109091,115.3241958,26.68141144,151.7220528,19.81300694,2.048843056,0
2021-10-15,0,11.23354166,11.61236111,20.717,117.2872917,26.69924711,150.7728521,21.44174859,1.348546528,0
2021-10-16,0,10.70208331,11.5875,20.42343056,114.6855556,23.26748076,62.92042014,17.83817396,2.044369444,1.27
2021-10-17,0,9.643636399,11.16832168,18.73544056,100.1630769,11.8734998,172.6544757,14.05069811,2.668569444,0
2021-10-18,0,10.69020978,11.02482517,17.98332867,95.29048951,10.96073104,178.8536049,13.60567971,1.725792361,0
2021-10-19,0,11.20503496,10.88573427,17.61686014,94.48083916,11.63486575,176.0931215,15.24573349,2.095210417,0
2021-10-20,0,10.72708333,10.93375,17.54284722,96.86951389,11.75410665,174.2176646,16.66104309,1.973506944,0
2021-10-21,0,11.58833331,11.05944444,17.18595139,94.43791667,9.909556163,121.8178583,17.84687532,1.869917361,2.54
2021-10-22,0,10.38860138,11.16979021,17.23916084,98.35,9.86222506,145.4702896,16.04673816,2.373535417,0
2021-10-23,0,9.855902729,11.09180556,16.89172917,94.203125,8.622774089,169.3645486,14.62460537,2.162311806,0
2021-10-24,0,10.79624999,11.17333333,16.63505556,90.74354167,8.149061976,163.2474965,16.86098918,1.309385417,0
2021-10-25,0,10.02145838,11.270625,16.70761806,92.42055556,7.896458363,111.9038972,17.73215067,1.953192361,8.128
2021-10-26,0,7.572928586,11.21142857,16.3725,92.34395349,4.454035172,135.4644625,14.86424306,2.829617361,0
2021-10-27,0,6.889861111,10.43624999,15.33288889,86.59048611,2.311928172,167.5501326,13.25833503,3.919520139,0
2021-10-28,0,6.979440566,9.984335678,14.93928671,76.49755245,2.55034122,67.863825,14.22685072,1.558865972,8.382
2021-10-29,0,7.527708326,9.9293055,14.68895139,75.88131944,1.801292214,142.7424229,16.06717449,1.688354167,22.352
2021-10-30,0,9.34216779,10.38139859,14.82844056,82.23993007,2.277315587,68.46244167,13.77310092,0.853004861,2.54
2021-10-31,0,7.812167839,10.55587413,14.63620979,83.20741259,0.886032926,116.3336563,13.85935417,2.559822222,0
2021-11-01,0,7.375845077,10.41887324,14.35410563,82.26683099,1.025865075,150.2507861,12.79130556,2.599196528,0
2021-11-02,0,7.028333354,10.49694444,13.84486806,77.149375,0.336208285,23.49138056,8.133243056,2.987508333,4.572
2021-11-03,0.254512792,7.307152778,10.40340278,13.30784028,78.01201389,1.409491248,147.4152812,5.725145833,1.392253472,0
2021-11-04,0.366980917,6.332083333,10.71972222,12.70393056,74.82097222,0.685959762,115.0954833,4.905245833,1.21689375,0
2021-11-05,33.23461296,6.425416674,10.90708333,12.34023611,79.52965278,0.846043774,152.1124667,4.817370139,2.054330556,0
2021-11-06,69.09304472,6.056875007,10.88798611,12.08919444,80.49041667,1.286175549,152.1596903,5.598590278,1.608443056,0
2021-11-07,72.64992611,6.305140845,10.95992958,11.77017606,83.50830986,0.552941767,156.8246944,10.27326168,3.464795139,0
2021-11-08,79.15443403,6.24986014,11.03503497,11.5648951,87.92447552,0.616408803,152.9065243,13.32142238,3.656938889,0
2021-11-09,76.45160108,6.504500007,11.15157143,11.49443571,88.86775194,1.302961139,149.9476736,16.89330103,2.465029861,0
2021-11-10,73.70379604,6.301666674,11.30736111,11.62131944,92.77444444,1.705740693,145.2124806,16.90448483,2.056934722,0
2021-11-11,70.45562451,7.085208313,11.34833333,11.596875,91.97076389,1.351528533,120.2229236,14.24733386,1.695795833,7.874
2021-11-12,68.45967833,8.300559483,11.37937063,12.09811888,99.94839161,2.108396632,146.4704854,13.20360987,1.879525,12.192
2021-11-13,81.17166792,8.420139853,11.50167832,11.67518881,99.62853147,0.448116757,139.9274056,7.198970459,2.041461806,0
2021-11-14,88.19575417,8.760555535,11.61138889,10.96469444,97.17152778,0.254977402,95.28602083,5.371023611,1.631358333,0
2021-11-15,90.86390833,7.522797196,11.5927972,10.1806993,96.64265734,-0.006966699,144.9167986,5.442947222,2.388661111,0
2021-11-16,89.3281525,8.82048951,11.73440559,9.838622364,96.64314685,0.403848712,125.0630944,10.09973037,1.546943056,0
2021-11-17,86.06089438,9.816478838,11.80028169,9.808337972,99.34633803,0.461335733,132.6946194,13.9175837,1.642893056,0
2021-11-18,84.62485188,10.31451388,11.86215278,10.36678472,105.6315278,1.134660817,98.44074167,15.08679113,2.531086806,0
2021-11-19,97.601585,9.609583347,11.89458333,9.826687493,103.7993056,0.03017599,138.2652556,6.276715738,2.754967361,0
2021-11-20,92.74326549,10.151338,11.91433566,9.190986,99.88867133,0.149081627,115.0599757,4.211129789,1.093546528,0
2021-11-21,90.62303132,9.705347257,11.92416667,8.739861118,99.394375,0.153152092,54.29958125,6.623626889,1.276661111,0
2021-11-22,94.22672162,8.349393909,11.98257576,8.586439455,98.82454545,-0.003722253,77.15388958,9.919622028,2.974957639,0
2021-11-23,95.40814604,,,,,-0.012371412,134.5442181,4.63006519,2.466804861,0
2021-11-24,93.62823674,,,,,0.132786354,129.4192931,4.972864281,1.652505556,0
2021-11-25,93.64670944,,,,,0.223292305,128.1963507,12.15746822,2.326817361,0
2021-11-26,97.02294049,,,,,-0.020338401,106.419784,6.960632706,2.608695139,0
2021-11-27,97.25124576,,,,,0.013556013,121.3419868,4.706904151,1.834124306,0
2021-11-28,97.6560925,,,,,-0.009249607,52.76647847,10.05116302,2.649886111,0
2021-11-29,97.35121299,,,,,-0.002073326,118.7434583,5.943396209,2.823515972,0
2021-11-30,98.01788708,,,,,0.025959765,122.728841,9.789584978,1.829998611,0
2021-12-01,97.01817972,,,,,0.065283202,41.05086111,8.530114112,1.961665278,0
2021-12-02,98.29173708,,,,,0.022182958,112.9551375,15.42805619,2.521153472,0
2021-12-03,98.91583715,,,,,0.110627666,113.5856444,14.55138656,1.756764583,0
2021-12-04,99.92803535,,,,,0.115214656,89.21439236,13.26891715,1.985861806,0
2021-12-05,97.21894618,,,,,0.162958589,53.79575,9.337840202,1.397656944,0
2021-12-06,98.45472692,,,,,0.041648841,63.17505598,13.40846974,2.556700694,0
2021-12-07,101.6355514,,,,,0.038456905,121.3968972,3.988580352,1.939360417,0
2021-12-08,102.0416146,,,,,0.017631006,71.79642569,7.054453462,1.548389583,0
2021-12-09,100.2192125,,,,,0.016026961,63.4823375,2.828178838,1.702732639,0
2021-12-10,99.05367069,,,,,0.036376215,42.87039653,7.455629518,1.009848611,5.334
2021-12-11,99.29958924,,,,,0.082704468,44.07204444,14.26976858,2.459177083,0.762
2021-12-12,101.5153813,,,,,0.011696208,119.9323847,5.260009126,3.30029375,0
2021-12-13,101.4366125,,,,,0.018546027,117.0831181,6.603059091,2.286075,0
2021-12-14,100.652706,,,,,0.048956107,116.2169285,8.515117901,2.112613889,0
2021-12-15,98.90687847,,,,,0.025625542,113.0874201,7.066009157,1.707053472,0
2021-12-16,99.31796007,,,,,0.057784346,113.3772438,10.97743215,1.758907639,0
2021-12-17,100.6128072,,,,,0.228850357,36.17010833,15.55401389,1.698697222,0
2021-12-18,96.71549069,,,,,0.382774949,30.57435625,11.60321148,1.381297222,2.286
2021-12-19,101.5818711,,,,,0.05355254,51.79189444,7.313433333,4.528918056,0
2021-12-20,100.1219222,,,,,0.036257473,113.8530326,0.04876875,1.642090972,0
2021-12-21,98.44485986,,,,,0.018057807,64.07624722,3.725825694,1.463820833,0
2021-12-22,100.0182424,,,,,-0.004518405,117.7294694,6.494843414,3.968136806,0
2021-12-23,98.69176285,,,,,0.008907348,117.6903639,4.318830198,3.068786806,0
2021-12-24,98.17743451,,,,,0.034170526,87.06122014,9.399717553,1.535476389,0
2021-12-25,100.365113,,,,,0.032944394,67.17467569,15.45944918,2.217475694,0
2021-12-26,100.9260079,,,,,0.110245635,118.406625,14.64505169,2.231108333,0
2021-12-27,97.87125021,,,,,0.163223515,62.36713403,10.65029572,1.605120139,0
2021-12-28,100.3718731,,,,,0.069142923,57.22993542,14.71514738,1.868297222,0
2021-12-29,97.66016688,,,,,0.444427698,25.05295347,13.58384028,1.800454861,5.842
2021-12-30,94.43350861,,,,,0.644336038,41.88908403,12.64013889,1.02611875,0.508
2021-12-31,92.03791375,,,,,1.230844952,41.38636806,11.41112153,1.188523611,0.508
2022-01-01,90.11653951,,,,,1.183018493,65.19687361,15.90279167,2.024325694,3.556
2022-01-02,89.94902576,,,,,2.757487208,26.04243819,13.78999306,2.786238194,18.288
2022-01-03,93.88469479,,,,,1.081750632,61.68591458,0.91786875,4.667445139,14.986
2022-01-04,95.99509799,,,,,0.107780181,124.8982229,-1.888267361,1.990374306,1.778
2022-01-05,95.11004549,,,,,0.030808142,54.60903125,2.855750694,1.65495,2.54
2022-01-06,97.4217816,,,,,0.036933422,79.39675,5.042694444,2.133425,0
2022-01-07,97.54470611,,,,,0.00393918,125.3090688,-5.207629167,2.571500694,0.254
2022-01-08,96.03248389,,,,,0.008874522,123.6009958,-4.697041667,2.058315972,0
2022-01-09,95.51779604,,,,,0.003438632,32.30323125,3.311128472,1.641373611,4.572
2022-01-10,97.64658361,,,,,-0.000260746,128.6114972,0.088778472,2.686488889,0
2022-01-11,97.45820819,,,,,0.005658489,129.0430535,-3.536794444,1.797663889,0
2022-01-12,96.91951479,,,,,0.028382777,124.7299958,1.006561806,1.738441667,0
2022-01-13,98.52596243,,,,,0.005074588,56.9383625,4.501107639,2.066588889,0
2022-01-14,98.88455944,,,,,0.002967337,119.3051771,3.380909722,3.461944444,0
2022-01-15,98.09236438,,,,,0.012366516,41.87430833,-0.840620833,1.9498875,0
2022-01-16,96.42078028,,,,,0.049303104,10.17234097,-4.802426389,1.899597222,0
2022-01-17,95.98352444,,,,,0.065011653,55.55411528,-1.209234722,3.0956625,0
2022-01-18,93.7695591,,,,,0.241242847,143.042066,-1.640007639,1.936408333,9.652
2022-01-19,87.69268472,,,,,0.215003212,63.51643472,0.598375694,1.642189583,5.588
2022-01-20,92.40770681,,,,,0.079549779,24.94092153,1.349580556,4.181041667,2.032
2022-01-21,87.86008806,,,,,0.230517518,89.49141736,-5.630863194,2.966046528,0
2022-01-22,81.76910299,,,,,0.428613278,150.3393653,-6.494199306,2.429017361,0
2022-01-23,82.28926465,,,,,0.11347342,124.4653368,0.932222917,2.402254861,0
2022-01-24,92.75213993,,,,,0.06032601,120.5075299,1.5537875,1.648174306,0
2022-01-25,94.03827674,,,,,0.034947198,136.0635306,4.736305556,3.135913194,0
2022-01-26,98.26400611,14.59921569,12.1127451,2.531607843,97.58325,0.057915962,151.9163854,-2.654753472,2.739638889,0
2022-01-27,95.24686757,13.10167834,12.09657343,3.166923077,99.15818182,0.050166598,147.8309806,-3.333511111,1.332716667,0
2022-01-28,89.41825469,13.92111113,12.08604167,3.197347222,100.8025694,0.056255492,49.36425764,0.4485625,1.665077778,0.762
2022-01-29,98.34368993,12.96486111,12.09944444,2.852479167,99.62319444,0.022938782,153.2439201,-5.646664583,3.671402778,0
2022-01-30,99.20524972,14.68597223,12.15145833,2.9365625,100.6905556,0.137966107,116.1232208,-6.15519375,1.727963194,0
2022-01-31,91.94740847,11.64392856,12.08528571,3.354992857,103.1017143,0.037996314,119.060709,-3.21684375,1.75543125,0.762
2022-02-01,80.8032566,10.43216781,12.1372028,3.496405594,103.9782517,0.020977087,119.8928014,-0.064769444,1.132889583,0
2022-02-02,63.32989486,10.49402777,12.07861111,3.676006944,105.0113889,0.008449701,120.614816,1.665445833,1.481266667,0.254
2022-02-03,54.28715729,12.75444445,12.06076389,3.781722222,105.3120139,0.004418804,15.21587569,5.424383333,1.939000694,25.146
2022-02-04,75.42041521,14.13763888,11.96798611,3.765305556,103.6773611,0.005449254,29.89804722,8.014957639,3.027495833,8.382
2022-02-05,100.3111365,12.88090278,11.68451389,3.383243056,99.73180556,0.00980759,169.6564896,-2.952649306,2.768640972,0
2022-02-06,91.34289201,11.80506943,11.70159722,3.627256944,100.2149306,0.011588972,169.3429306,-3.049097917,1.179900694,0
2022-02-07,92.23372132,13.33972221,11.81083333,3.2613125,100.5230556,0.069445878,50.88029236,-2.2397125,2.0164125,2.032
2022-02-08,100.493202,11.89444444,11.79458333,3.365284722,100.5434722,0.019841442,175.6151014,1.704529167,2.192577083,0
2022-02-09,101.3173778,12.48944443,11.72506944,3.515486111,100.6851389,0.009893703,171.1163035,5.281251667,1.882048611,0
2022-02-10,101.955241,11.5254861,11.60159722,3.880166667,101.7334722,0.000873114,168.363859,7.353000694,1.842003472,0
2022-02-11,99.02783132,11.63145835,11.39423611,4.295381944,102.8219444,0.01636038,170.0332472,8.474698126,2.735793056,0
2022-02-12,98.40599174,12.59625001,11.37305556,4.298513889,101.9632639,0.00169653,91.29340625,9.056502,2.398972222,0
2022-02-13,102.4440646,12.46263889,11.08333333,4.286923611,101.7272917,0.000819931,78.73568333,1.074254167,3.256372222,2.286
2022-02-14,101.2357167,11.69783217,11.1172028,3.839090909,100.2662937,0.000605771,125.2743028,-2.247383333,1.913114583,0
2022-02-15,98.93823681,11.57347222,11.12194444,3.526361111,99.71576389,0.016756574,179.2772465,-0.544959722,1.677046528,0
2022-02-16,96.66294653,11.98671329,11.0406993,3.824881119,100.1466434,0.000573938,105.7023021,4.484247222,1.886827778,0
2022-02-17,96.69889917,15.23479167,10.99986111,4.073368056,100.4736806,0.001151982,24.01205486,12.95865972,3.739703472,1.778
2022-02-18,102.1048794,12.21105632,10.83295775,4.757521127,101.6074648,0.00593243,162.1721847,6.004183333,3.14013125,8.636
2022-02-19,102.3911375,11.44785714,10.75892857,4.612,101.1788571,0.000341811,184.758666,1.307947222,3.095615278,0
2022-02-20,100.1345815,12.60430557,10.73006944,4.464069444,100.6533333,0.018079749,188.7763722,0.694565972,1.979484722,0
2022-02-21,99.31278861,13.56506944,10.73465278,4.406145833,100.7611806,0.018155144,178.1564299,7.737917361,2.169920833,0
2022-02-22,97.17014771,16.04611111,10.69291667,4.774,101.8527778,0.072444895,11.14026528,12.43376389,2.2503375,7.366
2022-02-23,98.89350229,13.95000001,10.30251748,6.500538462,105.7551049,0.59777747,131.5356493,14.73077083,2.428404861,3.556
2022-02-24,97.98409493,16.01274647,10.44408451,6.025429577,103.2437324,0.43298908,15.57203542,4.178140972,1.590918056,20.574
2022-02-25,101.2919849,14.36680556,10.41666667,5.919243056,102.4073611,0.097800069,178.3964521,5.88579375,3.318723611,2.54
2022-02-26,102.2942347,14.91293706,10.24951049,6.29413986,103.5270629,0.084652376,138.3468264,3.505396528,2.263969444,0
2022-02-27,104.2649326,15.3048611,10.18472222,6.443027778,104.5735417,0.05662918,130.4907042,6.686955556,2.057686111,0
2022-02-28,102.5677535,14.19048611,10.15951389,6.450763889,104.4147917,0.274095794,202.1727806,6.96535625,2.299059722,0
2022-03-01,99.81218875,13.68916667,10.10986114,6.727569444,105.4830556,0.6113448,201.4359229,8.542884456,1.473149306,0
2022-03-02,98.62121604,14.10146852,9.92664328,7.490482517,108.5137762,0.927519888,201.8206708,13.44701597,2.123335417,0
2022-03-03,98.38812778,14.75520833,9.93208325,7.948069438,109.1999306,0.813775116,202.5001007,14.9313195,2.312627083,0
2022-03-04,95.21217757,16.67832169,10.05937062,7.52304193,107.3737762,0.819166237,212.0536035,5.878792361,1.734277778,0
2022-03-05,92.18894417,16.04402778,10.10048607,7.794569417,109.46,1.014997054,208.0273389,12.04578194,2.174563194,0
2022-03-06,90.9889391,18.08692308,10.04265724,8.597391601,112.1703497,2.104586512,90.51362361,16.98490972,2.311836111,0
2022-03-07,89.09771924,17.68861111,9.915138951,9.704152813,114.4529861,3.50162714,111.2530056,17.15988328,3.59840625,2.286
2022-03-08,91.12267514,16.59076388,9.645763931,10.08346524,109.5952778,2.960530494,224.7012993,8.929563194,2.879084028,5.842
2022-03-09,90.50283604,18.35812501,9.737708438,9.556701417,107.9509722,1.948649924,88.51921944,6.733872917,2.056885417,12.446
2022-03-10,86.43187396,17.34366196,9.728169099,9.373105676,106.2212676,1.994706975,165.5433451,5.794705556,1.507373611,0
2022-03-11,81.62209563,16.46256944,9.893402826,9.261090333,107.6115972,1.746305659,211.1373722,8.481388889,1.790348611,0
2022-03-12,97.06842667,14.52314685,9.622167839,8.947069881,103.3108392,0.576614718,81.13005347,-0.346346528,4.233702083,9.906
2022-03-13,96.92139972,13.00321679,9.671258804,7.997440545,99.95090909,0.711800946,236.5906382,-0.011403307,2.108681944,0.254
2022-03-14,92.67569194,14.03694446,9.794236063,7.694361111,99.42583333,0.385552906,218.2344965,8.880235061,2.270010417,0
2022-03-15,90.43381194,13.45443661,9.765704254,8.218880282,102.4702113,1.051276059,206.9356035,10.73435206,2.022890278,0
2022-03-16,88.65100535,14.48216783,9.772028035,8.620482517,104.1748252,1.677975404,104.0899563,11.76357222,1.617867361,4.572
2022-03-17,88.13297063,12.58258742,9.58944051,9.621958063,106.2293007,3.035877798,170.7143333,13.06604167,2.690429167,0.762
2022-03-18,84.58754285,13.5267361,9.663472076,10.08234027,108.2990278,3.914665338,144.149891,14.86008056,2.729609722,0
2022-03-19,79.78468431,12.81944444,9.6593055,10.8616111,110.1136806,5.469488058,129.8301729,15.98353472,2.105365278,0
2022-03-20,74.26769958,10.69395835,9.409583208,11.03393056,105.9678472,3.491230129,141.4502986,10.19811111,2.633730556,0
2022-03-21,70.59907069,10.79222222,9.411875035,10.61820832,104.0451389,3.831568142,233.2754382,12.84624583,2.631661806,0
2022-03-22,72.19696218,11.83305969,9.630447716,10.6773806,105.9594309,4.488599421,151.241941,14.11632145,1.993363194,0
2022-03-23,70.50987896,14.29237762,9.924475531,10.35263636,104.5813986,3.719647493,36.5566625,13.45611111,2.111530556,24.384
2022-03-24,66.73564403,12.51069444,9.661597201,11.10438889,105.7638889,5.173600299,107.3565431,14.6599375,1.668515972,6.604
2022-03-25,64.1352016,10.2278472,9.419722188,11.39364583,105.6021528,5.360896561,151.4747187,10.05095347,2.626585417,0
2022-03-26,58.81782785,10.93874999,9.486736042,10.43304168,101.5174306,1.504984397,150.3446604,4.441690972,3.114829861,0
2022-03-27,87.64541972,10.55601399,9.506503615,9.343874182,97.51062937,0.05357081,264.4528681,2.2352375,2.711463889,0
2022-03-28,95.97982493,11.20020833,9.594583278,8.714840319,97.061875,0.006320449,270.643159,2.273632639,2.621288194,0
2022-03-29,93.69139125,13.66762237,9.604965028,8.423370622,97.41818182,0.399450004,176.7877975,4.257120139,1.653468056,0
2022-03-30,90.69388507,14.58950704,9.821197162,8.255908394,97.56704225,0.434321412,242.9230243,10.93766736,2.582330556,0
2022-03-31,88.53902125,17.86486111,9.619791688,9.138993007,101.750625,1.409382888,54.61762431,17.08910161,3.717570139,4.826
2022-04-01,86.84231236,15.23631944,9.42437491,9.936020833,102.878125,0.812301113,194.7936938,8.056620833,2.658559028,0
2022-04-02,83.39689097,16.07737588,9.543546057,9.453687908,102.7517021,0.886689099,268.6523417,8.496084322,1.767652778,0
2022-04-03,83.24527639,14.00277777,9.213402792,10.33438193,105.8549306,1.31306968,275.2320861,11.8183535,2.987470833,0
2022-04-04,79.94845854,16.25402778,9.282569451,10.33925694,106.2264583,1.894713188,217.0878146,9.397696528,1.775301389,0
2022-04-05,75.29382382,19.42758865,9.523333298,10.51040426,108.272695,2.326971442,87.47381494,14.17505587,1.608718575,18.796
2022-04-06,75.16551083,17.02083915,9.119791667,11.65007639,109.6404167,4.429051681,199.884175,17.50790278,1.546836806,0.762
2022-04-07,74.04941875,18.24027778,9.075416625,12.43713889,110.4879861,6.522668161,84.50384514,13.69957639,2.132684028,7.874
2022-04-08,69.89412069,17.21277778,8.873263799,12.46481944,108.6849306,8.18120439,159.2996986,9.282061378,2.111781944,1.778
2022-04-09,62.7377134,17.60792857,8.868357114,11.67856429,106.2417143,3.813007651,159.0094743,5.286772917,1.963578472,0
2022-04-10,63.89594729,15.86633801,8.781056359,11.05683099,103.668169,1.9243672,252.1684917,8.318345756,2.338677083,0
2022-04-11,59.26288285,18.74534722,8.977569458,11.10322917,104.9959722,3.349081948,252.8043243,15.06829058,2.358201389,0
2022-04-12,55.63472023,17.28935715,8.767357071,12.6154,109.1328682,9.290640991,143.2523792,19.43138889,1.273676389,0
2022-04-13,49.66914951,16.90112676,9.213098556,12.86335211,112.5897887,11.33350319,204.6918736,19.92972917,2.963076389,0
2022-04-14,51.55939701,15.41062499,8.959999944,14.17043056,113.4353472,14.10942426,138.2026146,17.44709722,3.057069444,0
2022-04-15,43.132375,14.82887323,8.910915401,13.98296479,109.4819014,13.38375248,293.0915493,14.22831528,2.074754861,0
2022-04-16,35.64602264,13.91756945,8.461250056,14.93204167,110.3915278,16.58893024,236.9500958,18.19883333,1.833277083,0
2022-04-17,35.4354516,13.97640846,8.412957782,15.19207746,109.6211972,17.872652,289.6846285,14.11282639,2.3290125,0
2022-04-18,34.43172035,19.084375,9.072847174,13.45865972,107.1266667,9.260689619,57.15775625,4.683907639,2.607538889,22.86
2022-04-19,29.81147028,15.51756946,8.400138799,12.76216667,102.3777083,4.392790578,311.7561896,5.516875694,2.516770139,0.254
2022-04-20,26.57229319,18.49181817,8.611398601,12.25995105,102.337972,4.61913966,290.2436243,10.12870608,1.76169375,0
2022-04-21,22.35486767,19.5421831,8.886760535,12.50798592,104.864507,5.733404155,148.966466,14.26866667,1.976288889,0
2022-04-22,12.77994695,14.9679021,8.565524448,13.73263636,109.1781119,11.91418491,294.4162653,18.97652634,1.752264583,0
2022-04-23,14.13146742,12.59444443,8.765138889,14.45260417,113.3186806,15.92129612,284.2580146,19.84830556,1.875186111,0
2022-04-24,7.517441535,10.6707639,8.331597215,16.39174306,115.6623611,24.63994013,292.9535153,21.68258915,2.075576389,0
2022-04-25,2.360181083,9.190633803,7.854788704,18.03053521,114.0994366,32.31147857,279.4837299,22.34016633,1.930376389,0
2022-04-26,3.024887285,8.8722535,7.287535225,19.44114789,108.8310563,37.29055429,116.3156674,17.2146875,2.275574306,0.762
2022-04-27,2.932150417,8.298541639,7.747430556,16.84579861,101.5480556,19.54756972,310.0987306,12.08390417,3.156156944,0
2022-04-28,0.89667766,8.575138889,7.883333382,15.91026389,101.9172917,16.77387666,314.5824056,13.21944103,2.558927083,0
2022-04-29,0.003804354,10.66201388,8.387916625,15.37074306,103.5174306,12.84022454,166.4649799,12.09481944,1.402813194,0
2022-04-30,0,10.43569446,8.312916736,15.13348611,103.1640972,12.30400882,56.46700417,11.10497917,0.920561111,4.826
2022-05-01,0,10.64514085,8.40401419,14.92771831,102.0750704,12.9464431,113.4778111,13.54724306,0.954702778,0.254
2022-05-02,0,7.00836878,8.034822709,16.30348227,105.4093846,14.86319272,302.5068493,20.17259028,1.97049375,0
2022-05-03,0,6.363566434,8.266014042,16.67758042,107.2483916,16.26747292,240.2087826,19.09023611,1.799042361,3.048
2022-05-04,0,4.469236111,7.306111111,19.5821875,107.6393056,26.30434876,261.6360368,21.398375,2.284575694,0.254
2022-05-05,0,5.552222222,8.390347236,18.52073611,109.945625,22.35826321,239.1340201,17.73547917,1.692776389,0
2022-05-06,0,7.312361118,8.372638826,18.6569375,104.3055556,23.67525674,34.71817639,16.05570833,1.728330556,20.32
2022-05-07,0,8.199859239,8.26316907,18.02766901,99.23859155,26.62914378,74.50354306,11.45857361,3.093945833,3.81
2022-05-08,0,8.483611118,8.298055625,16.88340972,98.37868056,20.80874235,151.9174174,8.315284028,3.387275,0
2022-05-09,0,8.004029836,8.512388149,16.21346269,97.47731343,16.88976164,327.8702264,11.48706111,2.240610417,0
2022-05-10,0,,,,,19.34777023,328.0308646,15.04866597,2.58988125,0
2022-05-11,0,,,,,21.3055715,327.8595917,17.26217639,2.338677778,0
2022-05-12,0,6.258750016,8.405781281,18.19342188,106.8169811,21.92148041,184.637416,17.41208333,2.09149375,3.81
2022-05-13,0,7.103356643,8.868601364,18.04295804,106.6158042,21.94017338,188.2637125,18.46522222,1.350388889,2.54
2022-05-14,0,6.795902792,8.343402854,19.0158125,107.7660417,25.26533707,155.7225389,18.98721528,1.012315278,2.032
2022-05-15,0,5.972836894,8.127375957,19.8358227,110.6502128,28.02501953,260.0517882,20.369375,1.582334722,0.254
2022-05-16,0,6.029652785,7.679444444,21.37709722,110.9750694,34.78588806,232.6584597,20.37513889,1.812795139,0
2022-05-17,0,5.800416681,7.903472222,21.282125,109.355625,36.17545551,314.6923264,19.90420139,1.824823611,0
2022-05-18,0,6.829370643,8.489650392,21.08944755,111.5177622,34.60598465,269.5985361,19.92095139,1.800884722,0
2022-05-19,0,5.925140845,7.91549293,22.43147887,111.9279577,41.68066239,293.6705701,23.45308333,1.947029167,1.524
2022-05-20,0,6.991111118,8.750972257,22.73738889,116.3668056,42.36247709,291.3361958,23.99967361,1.491583333,0
2022-05-21,0,7.247552455,8.645314699,23.67246154,117.2711189,46.17245137,235.3570764,23.56888889,1.255872917,9.398
2022-05-22,0,6.863055514,8.783888868,24.29223611,117.5679167,50.57737041,245.1320431,22.012625,1.571393056,3.81
2022-05-23,0,9.181285729,9.474857129,23.96522143,114.0512403,49.10050429,62.01949028,17.50073611,1.683920833,41.402
2022-05-24,0,10.44496503,9.564195832,21.86695105,107.9058042,39.36074131,80.98610694,14.27990278,1.832622917,21.59
2022-05-25,0,11.67666667,10.6542361,20.80007639,104.0815278,33.33609815,150.3208431,15.02629167,1.291176389,1.524
2022-05-26,0,10.84650347,11.91909091,19.8175035,97.19118881,29.22022097,67.05828194,15.32811806,1.266627083,14.478
2022-05-27,0,10.33152775,11.04902775,20.08860417,103.6686111,29.78672399,200.2866181,18.01188194,2.034910417,23.114
2022-05-28,0,9.954097229,10.0892361,20.93434028,108.1588194,34.18043422,233.1632653,17.84004167,1.957479167,0
2022-05-29,0,12.41755245,11.29426573,20.75523077,113.7192308,32.54952173,315.0778736,19.62159722,1.663821528,0
2022-05-30,0,12.07520833,12.66958333,21.14659028,123.9615972,34.30399697,321.3453104,22.22710417,1.412071528,0
2022-05-31,0,9.787986118,12.2003472,22.54291667,129.0300694,41.37506456,297.6107069,24.06898611,1.81890625,0
2022-06-01,0,9.167361125,13.21381944,23.21945139,137.3485417,47.34007586,283.6765792,24.90419444,2.191525694,0
2022-06-02,0,7.017552441,11.33503497,25.27616783,132.0087413,60.19272902,279.1514868,25.33983333,2.269034028,0.508
2022-06-03,0,7.384545455,8.719510462,26.10011189,114.8154545,56.39935899,232.2105167,20.49678472,2.863347222,0
2022-06-04,0,8.187062902,11.21083915,24.40904895,129.556993,50.00182048,314.1267493,19.71276618,1.758409722,0
2022-06-05,0,8.225069444,11.36729165,24.38372917,135.5738194,50.48677198,332.4808847,20.10203472,1.590592361,0
2022-06-06,0,8.467887324,12.23422535,24.08800704,139.7167606,51.17745428,286.4472368,20.88669532,1.370839583,0
2022-06-07,0,9.526527764,10.93520833,24.05709028,128.3454167,50.38448649,100.3521028,20.27981944,1.587436806,0
2022-06-08,0,7.632083354,11.33645833,23.690875,130.7128472,49.11045425,228.6061007,23.04966667,1.218261111,11.43
2022-06-09,0,6.243521127,10.09323945,24.65907042,128.0326056,53.28921069,315.2233535,21.7801875,2.117981944,0.254
2022-06-10,0,6.628055549,10.59263889,23.8345625,120.5919444,49.88311803,242.7428201,19.09444444,1.899155556,0
2022-06-11,0,6.440633803,11.18190141,23.8618169,131.1390845,49.99378079,233.8959111,20.72864583,1.576650694,0
2022-06-12,0,6.475069444,11.74291666,23.90765278,135.4670139,59.53105632,221.0723368,23.92635417,1.242861111,0.254
2022-06-13,0,5.364513889,11.37402777,24.92015278,145.8115972,62.87541379,278.7259021,26.53976049,1.867520139,5.08
2022-06-14,0,4.502083333,10.49312495,26.26761111,134.8700694,65.89858161,223.2050431,25.43185417,1.762305556,2.032
2022-06-15,0,4.79443662,12.40359155,25.46722535,154.6197183,44.18137046,311.0986007,27.42214352,1.140690972,0
2022-06-16,0,3.961631206,12.8222695,26.03990071,157.7159574,47.1593168,210.4399028,27.29080341,1.268334028,17.78
2022-06-17,0,3.780347222,9.869374972,28.0156875,131.7879861,58.5890278,233.6634125,26.28423694,2.289568056,15.24
2022-06-18,0,3.981944444,10.46083333,26.18429167,117.1118056,52.1347709,343.5397493,22.17229861,4.031448611,0
2022-06-19,0,3.681608392,10.92601399,24.2123986,109.7964336,42.91818805,347.9135667,19.69813064,4.783784722,0
2022-06-20,0,3.71,11.24722628,23.37691241,106.2680159,39.45541523,216.3320194,20.01155554,2.148523611,0
2022-06-21,0,3.44041666,11.61604167,23.31413889,113.0034722,39.39796366,311.6520653,23.04363694,1.851805556,0
2022-06-22,0,3.23048951,10.71069929,24.77976923,123.5711189,45.85848688,315.1521667,26.74944378,3.145367361,0.508
2022-06-23,0,3.453496503,11.18937062,24.90400699,118.8070629,45.74065033,301.0656896,25.84728635,2.410772222,0.762
2022-06-24,0,3.429722222,12.21479167,24.34127778,118.9864583,45.7352506,298.6691465,25.33105529,1.020765972,0
2022-06-25,0,3.207042254,12.73253521,24.545,125.5328873,49.46108769,302.7029576,26.04402121,1.070190972,0
2022-06-26,0,3.325594406,13.12951049,24.9731958,126.7861538,51.19653911,146.1761542,24.94628391,0.824473611,2.54
2022-06-27,0,4.273194444,10.65916663,26.72353472,133.5263194,52.60623391,205.9981261,24.85463132,2.490757163,1.016
2022-06-28,0,3.836083916,12.05258741,24.72641259,115.2392308,46.62583505,328.6350319,22.1593004,2.358723611,0
2022-06-29,0,3.334545455,13.4251049,24.20723077,111.7958042,46.83073149,311.9537965,23.05330883,1.162276389,0
2022-06-30,0,3.008531469,13.99293706,24.35806993,109.2726573,51.13703142,308.8324368,25.97580264,1.300276389,0
2022-07-01,0,2.744014085,14.73169014,24.33140845,101.9461268,52.90258132,306.9397944,27.28126943,1.23733125,0
2022-07-02,0,2.951111111,14.88430556,24.71658333,95.88908451,54.70980521,212.1620528,25.33204956,1.149697917,8.89
2022-07-03,0,3.028541667,14.26916667,25.21096528,83.25685315,56.35792582,205.5730076,25.00747928,2.064757639,0.254
2022-07-04,0,2.4025,15.67402778,24.63628472,57.96291667,53.56093282,273.6080215,24.84275024,1.187336111,0
2022-07-05,0,3.643263889,15.63972222,25.10925,58.7986014,55.33601396,196.037339,25.30270574,1.578267932,6.604
2022-07-06,0,4.360694451,15.04548611,26.14576389,75.88375,53.53330765,224.7612118,26.54994387,2.539460417,25.146
2022-07-07,0,4.051736118,15.16229167,25.77509722,53.83763889,53.91121492,257.4248819,26.64516667,1.609018056,0
2022-07-08,0,4.915140838,15.99859155,25.42256338,35.16359155,51.77635933,212.2788944,25.62323611,1.164647222,7.62
2022-07-09,0,5.313028176,15.92626761,26.14342254,45.42619719,53.10924065,102.4540278,23.22990972,1.875801389,6.858
2022-07-10,0,4.684097215,16.50784722,24.55556944,35.73784722,44.30672438,90.69371042,19.03721528,1.056179861,12.7
2022-07-11,0,3.957323944,16.64838028,23.7845,47.20183099,41.90145097,300.6124944,19.99026389,1.2955375,0
2022-07-12,0,3.920492958,16.58338028,24.54234507,58.20169014,45.78481545,283.2605694,26.12861471,1.755986806,11.684
2022-07-13,0,3.556783217,16.49832168,25.20972028,64.8648951,50.57361027,202.1081035,25.3958941,1.698576389,0
2022-07-14,0,3.452269504,16.71460993,25.27737589,63.71156028,50.90730024,258.4011104,23.85296429,1.883208333,3.048
2022-07-15,0,3.780514706,17.82029412,25.12691912,57.33616,50.58985653,243.9000209,24.35414467,1.456446764,0
2022-07-16,0,3.638591549,18.23978873,25.30343662,51.09570423,52.25553497,215.1862618,24.23600397,0.966777778,0
2022-07-17,0,3.654895105,18.0765035,25.7231049,57.01769231,52.17482394,217.4991771,24.26522706,1.056502778,3.302
2022-07-18,0,4.009166667,18.06770833,25.93725694,59.52763889,50.93516318,228.1026965,24.31292096,1.067524306,6.604
2022-07-19,0,4.636041667,16.69868056,26.89548611,82.46333333,56.82834798,258.4751965,25.104125,1.735702778,0
2022-07-20,0,6.832499986,17.48409722,26.99436111,84.10361111,57.87116105,258.7266306,26.82698239,1.14091875,0
2022-07-21,0,7.136293692,17.10685315,27.87766434,94.23699301,38.14755498,234.3318778,26.82337491,1.623084722,0
2022-07-22,0,8.056319458,17.33756944,27.67795139,97.95458333,38.74043637,274.8005389,26.34353574,1.811531944,0
2022-07-23,0,8.38587414,18.16020979,27.97891608,106.1608392,39.23348841,297.7264736,26.83207054,1.767229861,0
2022-07-24,0,8.647972028,18.96993007,27.80116783,109.0034266,40.77202612,261.931541,26.92367268,1.271715972,0
2022-07-25,0,8.284265741,19.50937063,28.18496503,113.3041958,42.49659387,210.3679507,26.80998449,1.469159028,0.508
2022-07-26,0,8.252638896,18.28715278,27.88777083,108.5754861,42.2729222,129.3010042,25.86296311,1.241596528,5.588
2022-07-27,0,10.20909724,18.95944444,27.00779167,107.3022917,39.42978939,93.56920694,24.51735439,1.389170139,3.302
2022-07-28,0,12.27377622,19.39083916,26.4096014,107.239021,37.36776242,166.4624375,25.26504816,1.481104167,0.254
2022-07-29,0,11.67916086,18.98741259,26.97616084,111.7959441,39.13695574,197.0351799,26.15180896,1.586956944,0.762
2022-07-30,0,11.61284724,18.848125,26.7611875,112.7497222,38.85815787,282.8408569,25.07546978,1.770529861,0
2022-07-31,0,14.26436619,20.18126761,26.40777465,114.2750704,37.48532565,177.5595521,24.49960001,1.003047222,43.942
2022-08-01,0,13.939375,18.09131944,26.48030556,113.56875,37.59645949,184.4142646,25.69354045,1.323493056,0.508
2022-08-02,0,13.86132867,16.68692308,27.03693007,116.0969231,39.70579412,248.3140563,26.77176059,1.838713194,0
2022-08-03,0,14.80083333,17.53131944,26.62525694,117.1490972,38.15977987,271.3381861,26.59123188,1.659863889,3.556
2022-08-04,0,12.99812499,18.1925,26.92220139,119.6879167,38.39478181,221.0278854,26.89670264,1.316478472,0.254
2022-08-05,0,11.2130769,17.25342657,27.32037063,115.8145455,40.11040122,208.0117771,25.339789,1.49519375,21.336
2022-08-06,0,13.41992958,16.76239437,26.65728169,105.6259859,38.18719695,94.60763611,22.99354861,1.07466875,14.478
2022-08-07,0,13.81832168,16.53300699,26.28286014,104.4791608,36.41702338,278.1146257,25.46983387,1.305811111,0
2022-08-08,0,14.18069931,16.64202797,26.83813986,109.0204895,37.94336684,213.6037979,25.67214917,1.332702778,0.508
2022-08-09,0,13.0393007,16.0265035,27.25555245,108.5622378,39.8644141,210.7073472,26.62595236,1.750242361,16.51
2022-08-10,0,11.31489512,15.1051049,27.29169231,104.0663636,39.67387216,170.0933222,24.90790879,1.8531375,33.02
2022-08-11,0,12.57965036,14.76293706,26.91388112,102.255035,39.44693603,218.08665,24.41330762,2.430188889,0
2022-08-12,0,16.08161972,15.38492958,26.08147887,101.7030282,36.2883701,235.6731181,22.10326748,2.443741667,0
2022-08-13,0,16.60076389,15.67847222,25.52743056,103.0647222,34.25377665,274.1415479,20.38651293,1.425779167,0
2022-08-14,0,15.40361702,15.72971631,25.21741844,101.3540426,33.30599696,143.3167736,21.0049915,0.966294444,2.54
2022-08-15,0,19.41305556,16.00993056,23.93691667,82.56743056,28.70037434,39.59462778,19.13951389,1.0139125,34.036
2022-08-16,0,18.54055556,16.21618056,22.82386111,73.06180556,25.26576191,64.78965833,18.14557639,0.907477778,0.254
2022-08-17,0,13.70076389,16.28902778,22.71552778,83.14229167,24.54284337,222.6077007,19.57065972,1.424021528,0
2022-08-18,0,9.854084493,16.06077465,23.0286338,94.4706338,24.95848872,223.5326674,21.0717256,1.172709722,0
2022-08-19,0,6.131328671,15.87657343,23.58644755,97.06664336,26.29602334,236.2961257,22.49434278,1.235831944,0
2022-08-20,0,5.717394366,15.69528169,24.05332394,95.57521127,27.91174043,238.6732792,23.59893751,1.240593056,0
2022-08-21,0,6.829370636,16.10769231,24.26943357,97.41972028,28.18194352,92.12442431,22.91910313,0.925316667,14.224
2022-08-22,0,5.391748252,15.04356643,24.78121678,99.04020979,29.4124321,233.7156368,24.42693028,1.661881944,0
2022-08-23,0,6.368041958,14.73853147,24.93637762,100.2982517,30.94102628,242.7203819,23.16923988,2.133663889,0
2022-08-24,0,4.41636365,16.04503497,24.77781818,98.55286713,29.69488485,256.7126708,23.39083208,1.968345139,0
2022-08-25,0,3.186713287,16.33601399,24.99223776,95.9127972,30.44629601,191.0608764,24.82622675,1.150513194,1.27
2022-08-26,0,3.072083333,14.92618056,25.66395139,98.02604167,32.91686413,230.6830264,24.85592349,1.478060417,0
2022-08-27,0,2.405594406,14.72643357,25.82809091,94.90496503,33.54245874,231.0511896,24.96547844,1.800479167,0
2022-08-28,0,2.44787234,15.54326241,26.11975177,94.71716312,34.32162761,231.8954715,25.45071798,1.274985417,0
2022-08-29,0,2.342307692,15.15062937,26.79843357,92.44804196,36.25087917,256.6332076,25.3122537,1.181414583,0
2022-08-30,0,2.603297872,14.37117021,27.07796809,90.78787234,39.32664739,176.3027424,24.56959496,1.541454167,0
2022-08-31,0,3.343286713,14.16699301,26.7013007,95.52475524,36.18867091,263.6485583,23.38216746,1.992505556,0
2022-09-01,0,4.186690141,14.84669014,25.71045775,94.44380282,32.49939225,252.1783924,22.52375654,1.918906944,0
2022-09-02,0,4.219375,15.46458333,25.61416667,96.76534722,31.67844385,256.4076965,23.33100303,1.560340278,0
2022-09-03,0,5.416805563,15.74236111,25.71998611,99.40805556,31.91179162,224.6208701,24.61580877,1.125268056,0
2022-09-04,0,6.626874986,15.94083333,25.77715278,99.57486111,32.05595874,156.3035729,24.01897126,0.917456944,22.86
2022-09-05,0,8.634509804,15.7027451,25.55021569,96.8127451,32.01430476,76.39486736,22.88235004,1.295502083,40.64
2022-09-06,0,11.96035711,16.04732143,25.09164286,92.69053571,31.25088441,212.9129743,23.86867947,1.902301389,0
2022-09-07,0,13.1811111,15.53423611,25.4953125,101.044375,32.85907817,203.9355354,23.4978917,2.54815,0
2022-09-08,0,16.56007042,16.90253521,24.52607042,93.2578169,28.79089661,164.8217236,22.05093907,1.212186111,23.368
2022-09-09,0,18.1693007,16.28,24.37928671,107.0013986,28.07493222,196.2741264,20.68346501,1.350713889,0
2022-09-10,0,20.75034965,16.77909091,23.68916783,95.95125874,25.5936602,61.18909028,20.10975843,1.5348,18.034
2022-09-11,0,22.6141958,16.96062937,23.00232867,91.57013986,22.76595649,108.3513875,22.09031853,0.717073611,1.524
2022-09-12,0,24.60416667,16.73854167,23.31227778,107.5655556,23.61766776,192.2774153,23.48727367,1.671822917,7.62
2022-09-13,0,26.3134507,15.9206338,23.53305634,110.2265493,24.30841472,225.1910917,21.32961591,2.589625,0
2022-09-14,0,28.65216783,16.46251748,22.54400699,103.8522378,20.95021621,241.7417382,18.47279759,2.081098611,0
2022-09-15,0,31.05881119,17.06867133,22.35353147,103.0693706,20.25794559,216.4575986,20.34718254,1.960147917,0
2022-09-16,0,29.23633803,17.79316901,22.3748662,108.5422535,20.21896298,228.9175931,21.38599692,1.448928472,0
2022-09-17,0,30.34517483,18.32531469,22.47551049,114.7278322,21.22121885,195.7562125,20.58859833,1.505277778,0
2022-09-18,0,30.03305556,16.83729167,22.57259028,117.9161806,21.36459708,224.9551861,21.64388146,1.431329861,0
2022-09-19,0,31.97376812,16.61384058,22.84458696,122.0441732,21.9719765,198.2875271,22.39419369,1.714946528,0
2022-09-20,0,34.6548951,16.0141958,23.20244755,120.2395804,24.18704683,218.2139514,23.41808227,2.387153472,0
2022-09-21,0,31.65880282,18.80260563,22.83911972,118.2592958,22.87562027,224.3034715,22.56128546,1.639229861,0
2022-09-22,0,33.74951389,14.84625,23.61641667,116.5788889,24.33607937,181.198891,22.77986238,2.785422917,0
2022-09-23,0,27.07888889,14.40465278,21.70775,97.54819444,17.74025175,231.2465611,15.30247969,3.598623611,0
2022-09-24,0,23.02326389,15.07722222,20.72221528,91.30972222,15.34344938,214.184516,17.51329876,1.413775694,0
2022-09-25,0,23.34902098,15.0441958,20.44513986,94.26636364,14.28623772,75.40972222,18.69116318,1.49374375,5.08
2022-09-26,0,22.28680556,14.83868056,20.34522917,93.20833333,13.93732533,197.39345,17.53523611,1.781470833,0
2022-09-27,0,21.42958042,14.61160839,19.99888112,92.33377622,13.09056503,209.4720563,14.53663429,1.785872222,0
2022-09-28,0,17.8820979,14.42272727,19.1127972,87.78258741,10.40340754,217.9096188,13.75889373,3.264061111,0
2022-09-29,0,17.66328571,14.26914286,18.26828571,83.53264286,8.28931392,204.799925,13.87358172,3.357172222,0
2022-09-30,0,16.52195804,14.05531469,17.40527972,77.82776224,5.87908986,38.87481181,12.08893056,5.285361806,29.718
2022-10-01,0,15.80111111,13.49930556,16.29227778,75.15013889,4.374602282,30.90022083,11.92152778,3.507472222,45.974
2022-10-02,0,13.06685315,13.41027972,15.52548252,72.66377622,2.984299292,18.48724861,12.46725694,5.091646528,4.064
2022-10-03,0,10.37580419,13.33811189,15.27507692,69.94993007,3.12425856,213.1050583,13.42336111,3.3091625,0
2022-10-04,0,8.430629406,13.48223776,15.13653147,72.70412587,2.423723215,168.4936299,13.80387103,3.876916667,0
2022-10-05,0,7.101267641,12.7456338,15.01522535,71.32112676,2.036768771,208.4995625,16.19934098,4.184570139,0
2022-10-06,0,7.278671336,12.90125874,15.35193706,67.68958042,3.26895113,200.7141438,16.5339823,2.5755125,0
2022-10-07,0,7.262657336,12.80748252,16.20355944,76.97496503,5.304069863,186.2624111,18.91868407,2.671667361,0
2022-10-08,0,7.676944465,13.081875,16.34899306,87.07423611,5.278051493,207.5875083,12.79453611,2.677096528,0
2022-10-09,0,7.314097215,12.94805556,15.19343056,69.97111111,3.248136984,207.9144514,10.50952972,2.142991667,0
2022-10-10,0,7.041748252,13.13132867,15.01372727,75.15951049,2.796351825,204.5105507,12.41932204,2.796107639,0
2022-10-11,0,7.180359741,12.94899281,14.75428777,73.33664063,2.369447821,170.7204618,13.77795494,1.781417361,0
2022-10-12,0,8.437832182,13.12818182,14.6914965,76.04972028,2.270111921,115.7989528,16.20574919,1.980457639,6.604
2022-10-13,0,10.08430555,13.35541667,15.04997917,82.41520833,2.566400948,84.70922639,18.35668056,2.761163194,1.524
2022-10-14,0,8.321478944,13.06204225,14.89133099,78.02760563,2.318151905,187.5170847,14.00537651,1.80780625,0
2022-10-15,0,7.860139839,13.10846154,14.93867832,81.86944056,2.582401883,171.1330146,15.93343137,1.615385417,0
2022-10-16,0,7.721418468,13.23312057,15.24841135,86.63631206,3.135243025,61.12509167,17.30440652,1.529132639,12.192
2022-10-17,0,8.330070423,13.48732394,15.27883803,88.29169014,2.927791475,108.1575451,15.48350431,1.74681875,1.016
2022-10-18,17.45275511,5.507552448,11.95538462,14.02834965,81.18342657,0.388550957,139.4716736,7.307304206,2.76258125,0
2022-10-19,74.72500785,6.242394366,10.7178169,12.66260563,74.99922535,0.235919707,99.47815833,7.267718733,1.998204861,0
2022-10-20,69.79497229,6.810769231,11.10923611,11.90401389,71.94944444,0.342599231,176.5536799,9.471065817,1.79184375,0
2022-10-21,65.97689021,6.680486111,11.63118056,11.72227778,73.98722222,0.398935836,175.4666181,11.5933397,1.75315,0
2022-10-22,55.74998597,7.518263889,11.73145833,11.79427083,76.29118056,0.676168102,173.0482688,12.6230796,1.817655556,0
2022-10-23,45.70009382,8.054965028,12.43335664,12.21523077,80.19608392,1.462834043,173.074534,13.56880147,2.049472917,0
2022-10-24,39.51517674,9.561366906,13.83228571,12.33694286,79.13162791,1.765643384,170.6271069,16.10309103,2.054238889,0
2022-10-25,35.78687007,7.462847229,12.95493056,12.18057639,77.27215278,1.37140073,160.4389764,15.67151433,1.661663194,0
2022-10-26,35.43301104,6.928251769,12.30153846,13.16532867,87.07706294,2.716109212,107.2934965,16.34341317,2.10533125,2.286
2022-10-27,32.84232319,8.174680844,13.08133803,13.02333803,89.11859155,2.131905553,171.3851653,14.29327924,2.965560417,0
2022-10-28,28.24812875,8.528055563,12.64430556,12.29432639,84.36388889,0.954945185,131.0268368,12.39814678,1.31000625,0
2022-10-29,23.05400521,8.649366169,12.72363636,12.35076224,85.28083916,1.024925152,105.2909194,13.65065198,1.109718056,0
2022-10-30,16.51318285,8.543262426,12.63457746,12.25838028,83.56443662,0.84451244,80.15884653,13.72989547,0.9236875,0
2022-10-31,6.803034764,8.50328672,12.6093007,12.28665035,82.6420979,0.88268253,16.39918889,14.31440047,0.984606944,8.128
2022-11-01,1.272314792,9.94297873,12.80174825,12.91126573,92.5706993,1.358755252,105.8398375,16.01053321,2.452949306,0
2022-11-02,0.298366028,10.07475524,13.45298611,12.8125,88.81451389,1.537126707,67.42239097,14.97413323,1.96785,0.508
2022-11-03,0.014877375,11.09202798,13.71076923,12.87860839,91.79251748,1.672053741,133.3213604,15.25671472,1.426980556,0
2022-11-04,0,9.837482503,14.01840278,12.9316875,88.934375,1.839454371,133.130066,18.05015707,1.321575,0
2022-11-05,0,8.102253521,13.10538462,13.08353147,87.58573427,2.22411768,50.43462361,20.22186743,2.730678472,1.778
2022-11-06,0,10.42416667,13.31833333,13.67764583,93.07444444,3.632449374,35.03566667,20.18920139,2.008267361,17.272
2022-11-07,0,11.36000001,13.47230769,14.85474126,97.43965035,6.595432282,110.4275201,20.17192369,2.377875,0.254
2022-11-08,0,9.797304965,13.85397163,14.88139007,96.0593617,6.591317764,156.6766583,14.98908827,1.939691667,0
2022-11-09,0,7.811258734,13.51881119,13.54421678,84.80377622,2.728116591,154.0493694,11.36863087,0.835759028,0
2022-11-10,0,7.694545441,13.45671329,13.10108392,82.26839161,1.845524324,77.32612847,15.29518581,1.411395833,4.572
2022-11-11,0,7.039436613,13.39091549,13.30824648,80.87943662,1.663645845,21.10332153,19.54562498,2.2042875,65.532
2022-11-12,0,6.766643378,13.9027972,14.06813986,88.38195804,2.957084562,96.38387639,17.17329337,2.351748611,0
2022-11-13,70.4569514,4.508472222,13.59048611,12.91278472,84.86013889,-0.008244413,150.3850083,4.633585417,4.238715278,0
2022-11-14,78.59579674,5.150694451,13.90222222,11.4770625,78.23340278,0.528812404,137.0210729,3.889166172,0.895961806,0
2022-11-15,71.66389611,3.967847222,14.03888889,10.61940278,74.44381944,0.172003481,10.78136111,3.704625,0.171647222,20.066
2022-11-16,80.15090056,2.951319444,13.96194444,10.01333333,76.90736111,-0.006768045,132.8148306,7.116476456,0.922805556,0
2022-11-17,84.90127583,3.077832168,14.1165035,9.156433531,81.43391608,0.00872746,134.4201604,1.965047917,1.977264583,0
2022-11-18,84.53807542,3.257708333,14.31777778,8.442458285,83.31305556,0.197614975,131.0611396,4.28832074,1.153907639,0
2022-11-19,83.78459889,3.252638889,14.44611111,7.961784708,84.19055556,0.106944114,136.872925,5.511251389,2.187970139,0
2022-11-20,89.9045234,2.464825175,14.48671329,6.821895105,86.25552448,-0.005866874,142.1503458,1.9994375,3.993195833,0
2022-11-21,88.90536,3.160902778,14.74715278,6.140506944,86.09854167,0.090887942,138.2264021,2.585121841,1.509657639,0
2022-11-22,88.31792333,2.915915493,14.74795775,6.114225352,86.68028169,0.14856428,136.3250208,6.587452602,2.342841667,0
2022-11-23,89.52402076,3.140422535,14.72056338,6.252471831,88.15887324,0.177516384,134.9383938,9.319550106,3.146121528,0
2022-11-24,87.91441792,3.278888889,14.81243056,5.993631944,86.73138889,0.103734885,131.7201215,8.887951608,1.9846125,0
2022-11-25,91.57114438,2.92027972,14.6727972,6.138342657,88.22538462,0.011105009,83.53430972,12.6456218,2.74986875,0
2022-11-26,92.89889563,3.547291667,14.708125,6.324916667,90.19055556,0.104769853,105.5969424,9.822994011,2.230525694,0
2022-11-27,90.86084806,3.351111111,14.67513889,6.264375,88.73659722,0.093356835,27.65298264,11.58258115,1.773772222,3.048
2022-11-28,94.37478389,3.239230769,14.63566434,6.588356643,90.74916031,0.013030923,97.76718403,10.33866574,2.141834028,0
2022-11-29,93.52226361,4.527692308,14.75384615,6.582181818,90.56132867,0.074109042,120.734991,8.248745178,1.868325,0
2022-11-30,93.41701479,4.137986111,14.54159722,6.677986111,90.95680556,0.056619372,49.33546597,11.56309279,2.490163889,12.192
2022-12-01,95.57446326,3.735138889,14.63951389,6.194659722,92.04861111,0.023135625,113.7496236,3.499407639,1.389398611,0
2022-12-02,94.34314882,4.821041674,14.83201389,5.840138889,91.53965278,0.067790208,99.50764931,5.610295913,2.043175694,0
2022-12-03,94.39870028,4.301388889,14.63034722,5.922138889,91.84284722,0.046689156,34.71376806,12.17502271,1.7077125,8.128
2022-12-04,96.31175833,4.564545455,14.64692308,5.784433566,93.37503497,0.042493453,83.43787361,4.699813889,2.870781944,0
2022-12-05,95.45797063,5.952847215,14.74395833,5.487055556,92.60243056,0.05179306,61.11065278,3.540584722,1.639644444,0
2022-12-06,94.93260444,5.436111125,14.93527778,5.385215278,91.72833333,0.047198286,15.40923611,8.391098829,1.180422917,17.272
2022-12-07,94.22594806,6.479361695,14.54907801,5.798702128,93.64723404,0.159799577,25.87945417,13.21329348,1.605025,6.35
2022-12-08,93.77470632,5.865140852,14.52986014,6.057111888,93.75818182,0.204264788,38.07132292,11.55946944,1.752763889,4.826
2022-12-09,93.17452458,4.414722222,14.56861111,5.831659722,92.20090278,0.136550145,33.83963819,6.769276389,1.088332639,3.302
2022-12-10,92.08835021,4.848041958,14.58230769,5.867692308,92.34181818,0.12602699,37.48179306,4.682220833,0.9815875,1.27
2022-12-11,91.19813792,5.315714293,14.51442857,6.036792857,93.72864286,0.091987446,76.72155208,5.957526389,1.376322222,0.254
2022-12-12,97.98205389,6.279930077,14.66083916,6.032132867,95.31986014,0.043831572,113.7375743,5.722225694,2.885758333,0
2022-12-13,96.83498354,8.367222222,14.43930556,5.954958333,94.59138889,0.063320388,42.39433958,1.700293056,1.2252875,0
2022-12-14,95.73868854,7.515734266,14.49503497,5.662167832,93.55244755,0.05580926,38.42903611,1.446191667,1.306297222,8.382
2022-12-15,95.82957361,6.600352127,14.59272727,5.381832168,93.08006993,0.023476986,,1.148573611,1.873074306,18.796
2022-12-16,96.29548507,4.586567172,14.28164179,5.210440299,93.14065041,0.021284844,,3.885272222,1.805527083,0
2022-12-17,96.78359826,3.216971831,14.12605634,5.021549296,93.32408451,0.018126979,,3.384273611,1.679,0
2022-12-18,96.96108118,3.263263889,14.22131944,4.616756944,93.1975,0.005832556,,0.467328472,1.917910417,0
2022-12-19,96.35488514,3.383402778,14.30541667,3.944944444,92.830625,-0.002764081,,0.044448611,2.268682639,0
2022-12-20,95.31688639,3.939090909,14.37622378,3.720356643,92.8527972,-0.001412893,,-0.549076389,1.293922222,0
2022-12-21,90.74719035,5.608611111,14.451875,3.494798611,93.51395833,0.039993231,,1.370318056,1.308240278,0
2022-12-22,91.71055903,4.254513889,14.38909722,3.649479167,93.72541667,-0.002776414,,1.917115278,2.073375,30.734
2022-12-23,97.17006688,3.223888889,14.383125,3.141416667,93.31708333,-0.017446585,,-6.665227083,3.549617361,0.762
2022-12-24,95.55648819,2.399513889,14.49402778,1.2885,91.80555556,-0.001637187,,-12.57971597,3.091981944,0
2022-12-25,94.85507076,2.602167832,14.56538462,0.704153846,92.20482517,0.107918464,,-6.379774306,3.310259722,0
2022-12-26,91.97499972,3.151328671,14.66685315,1.068216783,93.62146853,0.361176886,,-3.71480625,1.887643056,0
2022-12-27,81.70272951,5.143916084,14.76832168,1.333293706,94.82006993,0.297264385,,-0.400547917,1.921374306,0
2022-12-28,71.59750653,5.789436627,14.81077465,1.614823944,95.45183099,0.243207664,,0.850647222,1.929920833,0
2022-12-29,62.21512813,6.321830993,14.8734507,1.873577465,96.07471831,0.194023724,,5.69015744,2.281977778,0
2022-12-30,58.63496771,5.776597222,14.87194444,2.122861111,96.38006944,0.14038561,,9.168846539,1.937345139,0
2022-12-31,52.1001409,6.543286713,14.82300699,2.261174825,96.70832168,0.156210915,,11.14780208,1.20176875,7.366
2023-01-01,50.16848667,4.918380296,14.54692308,2.392118881,96.73188811,0.1343303,,11.32543571,2.013708333,0
2023-01-02,74.27840667,3.518510638,14.25361702,2.649141844,97.17702128,0.024749636,,12.65102708,1.767386806,0
2023-01-03,99.47603021,4.528333333,14.09041667,3.171423611,97.70131944,0.007599542,,13.59304653,2.056739583,0.508
2023-01-04,100.7665626,5.004583347,13.99569444,3.587465278,98.20340278,-0.011304815,,12.81058042,1.837475,1.778
2023-01-05,102.6977458,4.977622385,14.01160839,3.916818182,99.53447552,-0.00307403,,10.65913358,2.127364583,0
2023-01-06,104.3550924,4.226267606,14.03823944,4.214598592,100.7380282,0.000305253,,6.211600694,2.163015278,0
2023-01-07,103.9170549,4.876319444,14.02659722,4.184215278,100.8611111,0.001535137,,4.030092078,1.86505625,0
2023-01-08,102.6742896,5.910486118,14.02020833,4.099611111,100.5298611,0.000556438,,-0.101106944,0.819879861,0
2023-01-09,103.0390931,4.379580413,14.02965035,3.912685315,99.50699301,-0.001588746,,4.246418056,3.481435417,10.414
2023-01-10,101.7842299,5.013263882,14.16333333,3.671965278,99.02638889,-0.006916628,,3.342057378,2.143484028,0
2023-01-11,100.467172,6.009305549,14.1525,3.563826389,98.88020833,0.021297484,,3.82379375,1.559995833,0
2023-01-12,99.51752174,6.053846133,14.14566434,3.78586014,99.10440559,-0.004920633,,7.322457956,1.484739583,15.494
2023-01-13,102.1952167,4.030699301,14.12559441,3.999902098,98.77804196,0.000361338,,5.348080761,4.425617361,2.794
2023-01-14,101.47645,3.222377622,14.15916084,3.606965035,97.41202797,0.001101744,,-0.313034722,6.266194444,0
2023-01-15,99.28864174,3.100559441,14.24461538,2.78041958,96.02076923,-0.00498684,,0.336696528,5.156176389,0
2023-01-16,95.73634764,3.351678322,14.3534965,2.417321678,95.83167832,0.117398308,,5.355841233,2.120690972,0
2023-01-17,97.8155491,3.465174825,14.39090909,2.733286713,96.2834965,0.059598811,,9.505055878,1.812196528,6.604
2023-01-18,99.76968271,3.151702128,14.37652482,3.231851064,96.93567376,-0.009238724,,12.24602361,2.3114625,0
2023-01-19,98.96949417,3.505208333,14.3625,3.67825,97.55902778,0.004127059,,10.96306709,1.669189583,1.016
2023-01-20,100.3644986,2.923566434,14.3465035,3.827468531,97.04769231,-0.000233989,,6.470554861,2.556597222,0
2023-01-21,99.21296597,3.225902778,14.45083333,3.737541667,97.11555556,0.005123863,,1.162395139,2.129549306,0
2023-01-22,96.99317146,3.607152778,14.51041667,3.721458333,97.25347222,0.033502948,,1.369054861,1.259920139,2.032
2023-01-23,99.29345958,3.176293706,14.47328671,3.627391608,96.38678322,0.000134734,,3.295203472,2.270777083,0.762
2023-01-24,98.59492091,3.16971831,14.44309859,3.3255,95.98288732,0.008798996,189.1623981,3.653295185,2.223775994,0
2023-01-25,97.42029049,3.684652778,14.37652778,3.515944444,96.56666667,0.032751593,16.23065625,3.41843125,1.606229167,15.494
2023-01-26,99.10671583,3.321258741,14.30433566,3.387965035,95.81804196,-0.002339287,64.74875417,4.214134722,2.603374306,0
2023-01-27,98.20949396,3.486388889,14.30208333,3.239861111,96.00986111,0.005744071,152.5945618,1.503079861,1.654111806,0
2023-01-28,98.52083826,3.560416667,14.27715278,3.1633125,96.46111111,0.021509843,145.2833833,5.862345139,1.913395833,0
2023-01-29,98.03051208,4.332638889,14.21666667,3.470944444,97.30125,0.074603185,31.26739722,4.745808333,1.165373611,3.302
2023-01-30,98.15847438,4.581736111,14.16673611,3.723388889,98.09125,0.001342206,74.14543958,9.970005556,1.498260417,0
2023-01-31,99.74706632,4.715416667,14.13444444,3.9905,98.36159722,-0.002113586,22.20470347,9.448634722,1.333425,3.048
2023-02-01,99.91477868,4.557342657,14.06678322,4.167622378,98.62370629,0.000626932,69.20655278,3.140907639,0.959586111,5.588
2023-02-02,100.2412256,4.877801418,13.99595745,4.261021277,99.03276596,0.002068471,52.12862778,3.389129861,0.509873611,2.286
2023-02-03,101.7302486,3.799305556,13.95715278,3.941979167,97.89576389,-0.000924369,166.2553889,-0.48319375,2.733039583,0
2023-02-04,98.54348965,4.465972222,13.989375,3.375055556,97.08006944,0.007788705,162.2613264,-3.361119444,1.665836806,0
2023-02-05,98.04536917,4.851056338,13.97683099,3.358830986,97.38190141,0.068556978,126.9084938,3.66603416,1.793129167,0
2023-02-06,101.1914851,3.979225352,13.79232394,3.74365493,98.13577465,0.002207371,163.8886924,7.79032151,2.949398611,0
2023-02-07,99.78205785,4.491527778,13.62520833,4.0770625,99.3325,-0.000961644,141.8355017,6.16152745,1.501879083,0
2023-02-08,101.3797365,4.311388889,13.50722222,4.544951389,100.3739583,0.018929738,97.2416625,13.68609093,1.753850694,0
2023-02-09,99.42420201,4.877622371,13.43160839,4.810356643,100.8167133,0.080362426,39.51324583,14.59241667,2.755942361,0
2023-02-10,104.6311646,3.940694444,13.281875,5.479243056,101.3932639,0.022771433,144.8491854,11.14419608,3.321497222,0
2023-02-11,101.9025638,4.160559441,13.11181818,5.874748252,101.8476224,0.115900271,129.0965306,6.738375,2.545367361,0
2023-02-12,101.7105368,4.674265734,13.14258741,5.685286713,100.574965,0.07195042,22.15344861,2.465644444,3.679130556,43.688
2023-02-13,101.9811507,4.0025,13.08645833,5.334743056,98.48069444,0.009260469,106.5554743,7.929547222,3.661728472,0
2023-02-14,98.43452472,4.399930556,13.09916667,5.346861111,98.54791667,0.113445693,159.7518972,10.32867559,1.814229167,0
2023-02-15,95.84657542,4.901188804,13.17608392,5.39658042,98.7727972,0.134403606,149.7661042,12.76371319,1.702740278,0
2023-02-16,95.67801875,4.616363636,12.96237762,6.35713986,101.1326573,0.632075548,86.82606736,14.89195069,2.380620833,0.762
2023-02-17,100.5371403,4.290833333,12.78854167,6.9841875,101.319375,0.562061465,120.0899056,8.597896528,3.271948611,13.716
2023-02-18,99.7108275,3.905416667,12.7275,6.643472222,98.80541667,0.254258212,184.0197597,1.205153472,2.905289583,0
2023-02-19,95.10007278,4.529375007,12.85652778,6.412208333,98.11368056,0.221021159,175.3579111,7.028352083,2.500375,0
2023-02-20,100.0770138,4.17727272,12.7727972,6.770167832,98.94132867,0.021566011,77.84530347,10.63265833,2.2250375,0
2023-02-21,100.0674663,3.788680556,12.621875,7.298784722,99.85291667,0.147644149,182.5786896,13.37960139,2.325039583,0
2023-02-22,95.78080993,4.251338028,12.62338028,7.418246479,99.24492958,0.330809322,113.0583681,12.64377847,2.08456875,0
2023-02-23,95.04419701,4.039791667,12.47215278,8.273249986,101.3217361,0.742731343,91.12016111,17.05112861,2.072713194,0
2023-02-24,95.71655514,3.582587413,12.37,8.902552476,101.6883217,0.519672106,162.8244479,13.08952847,2.711075,0
2023-02-25,88.63727938,4.037801418,12.46957447,8.365354582,99.63276596,0.515260479,34.59222361,3.694025694,1.247501389,5.334
2023-02-26,84.66899701,3.242253521,12.36943662,8.532281725,99.925,0.339673857,181.1800924,9.191877778,2.042160417,0
2023-02-27,87.3626166,3.246293706,12.4806993,8.349076909,97.91125874,0.476260728,66.50525972,8.416003472,1.825700694,5.588
2023-02-28,99.57427007,2.578819444,12.28729167,8.831298632,98.67611111,0.243385776,199.4949007,15.50801173,2.795011111,0
2023-03-01,93.59215354,3.022638889,12.35520833,8.839805549,98.10958333,0.428878978,139.4462583,10.11315208,1.609556944,0
2023-03-02,89.89442979,2.571538462,12.19034965,9.587230776,100.5843357,0.854085754,64.26807569,13.00776806,2.015729167,1.778
2023-03-03,89.33399882,2.669861111,12.388125,9.115576375,96.89895833,0.630612675,12.90919236,7.155872917,1.94478125,19.812
2023-03-04,99.02790118,2.198819444,12.27673611,8.987062521,96.07597222,0.046094049,219.4668604,8.989283762,3.397759722,0
2023-03-05,95.77793333,2.104375,12.05930556,9.462736076,97.84326389,0.887537373,220.6928625,8.608692361,2.009353472,0
2023-03-06,89.16701389,2.596056338,12.21992958,9.321591528,98.05035211,0.923523817,211.1573861,11.14104167,1.714950694,0
2023-03-07,99.63898708,2.232394366,11.93760563,9.96832393,99.67014085,0.1959283,226.0061389,12.56508723,3.516152778,0
2023-03-08,100.5677013,2.296944444,11.97618056,9.734854201,98.67465278,0.147335638,223.424166,6.756247222,4.71581875,0
2023-03-09,93.00573556,2.633829787,11.93390071,9.722411355,98.92829787,0.989908216,213.9158104,8.369065889,2.245434028,0
2023-03-10,92.71150896,3.014125874,12.14146853,9.418580392,98.43958042,0.629415675,56.21412083,6.923420833,1.710021528,1.778
2023-03-11,100.8830535,2.859027778,12.123125,8.888493035,96.8225,0.047842862,142.4026076,2.873009028,2.995910417,0
2023-03-12,96.86718382,3.327430556,12.18722222,8.492069431,95.91805556,0.138735342,27.96576597,-0.585339583,1.356635417,0
2023-03-13,95.97060021,3.240625,12.23986111,8.098458326,94.79395833,0.119495514,113.4646049,3.403088889,1.748946528,6.096
2023-03-14,99.12851799,3.110833333,12.24958333,7.425236111,94.61194444,0.013303439,176.1863104,-0.380477778,2.792085417,0
2023-03-15,99.47401507,2.998521127,12.16,6.815422535,95.11549296,0.022188555,246.3195813,2.841135417,3.662579167,0
2023-03-16,97.35245319,3.592638889,12.128125,6.882340278,96.52027778,0.226096658,223.165059,10.00452431,1.810910417,0
2023-03-17,94.71523653,4.08028169,12.18239437,6.98215493,97.05957746,0.348175305,80.0751,10.42835972,2.237913889,0
2023-03-18,102.8517542,3.367816901,12.0028169,7.358978873,98.29330986,0.038356296,236.7184069,5.469313194,2.792472917,0
2023-03-19,103.0393931,3.474930556,11.90576389,7.23975,98.75909722,0.043281182,252.5275319,-0.487061806,3.075801389,0
2023-03-20,98.98001833,3.914326241,11.7448227,7.391652496,100.132695,0.65393853,255.5297812,1.436222917,2.226359722,0
2023-03-21,97.91858775,5.76445254,11.07474453,7.15740146,101.5325,0.494156372,244.3485208,8.021022917,1.988820139,0
2023-03-22,100.3485378,7.029507014,10.58887324,7.535732373,105.9080282,0.91619485,93.86574722,10.54440417,0.984347917,0
2023-03-23,98.80052729,6.668680576,10.33784721,8.687388931,109.0263194,2.443999578,165.2578931,17.73040388,1.781054167,0
2023-03-24,98.09914681,7.427847222,10.13409719,10.25095139,111.2734722,5.225248382,170.2833875,19.6655226,2.350113194,0
2023-03-25,97.47447556,10.09930553,10.49861111,9.344631938,109.4965278,3.426937122,115.0311618,13.29920214,2.098726389,3.048
2023-03-26,97.45601493,7.851760556,10.15753521,10.84778169,110.2338028,6.156341773,247.1508965,15.21001925,2.295347917,0
2023-03-27,96.10089486,7.852676085,10.09415494,11.79988732,112.013662,8.772093851,199.8986188,16.32857007,1.686484722,0
2023-03-28,95.39812021,8.671888098,9.943356601,12.00341958,110.0734266,8.406455113,103.3898153,11.18699306,2.787471528,0
2023-03-29,94.74302889,7.008732387,9.753943655,12.11343662,110.3619014,9.067613777,259.5832583,9.533459028,2.011544444,0
2023-03-30,92.51740924,6.8875,9.850972236,11.94059028,110.3684722,8.812491258,233.334841,10.33001547,1.597348611,0
2023-03-31,90.77928139,9.039790224,10.3884722,11.23590278,111.9538194,6.795787418,75.88061528,11.2549865,2.087704167,8.89
2023-04-01,88.67015507,7.627323951,9.987746423,12.07954225,110.4230282,7.582418466,221.9119146,18.25286501,3.301128472,9.652
2023-04-02,85.9711291,7.054755245,9.720769224,12.04913287,106.4800699,6.065170001,253.0627201,8.211075694,3.247923611,0
2023-04-03,86.6721609,8.427972035,10.12645838,11.72133333,108.3625,6.550821798,175.1414174,12.95540464,2.513204167,0
2023-04-04,84.08815813,8.24909725,10.23618054,12.14321528,110.9678472,7.576448065,258.7910688,19.36578615,1.594831944,0
2023-04-05,81.75498688,6.826993014,10.23692308,13.39488112,113.9796503,11.08491936,219.2023326,22.06074787,2.785736806,0
2023-04-06,79.72813715,6.268531483,10.02727275,15.50840559,116.2534965,19.59118632,162.3662639,22.5297618,2.369820139,0
2023-04-07,77.92370479,7.643541674,10.12361108,15.69477778,113.7233333,17.79845278,37.94914583,8.862226389,2.645684028,7.112
2023-04-08,73.70356868,8.104825203,11.37727273,13.65602098,115.4606993,11.80799194,71.78934167,6.732277083,1.239113889,0
2023-04-09,68.39639847,5.220833333,10.80229166,13.095,110.5040972,9.93575618,288.2564299,7.837247917,1.273003472,0
2023-04-10,68.25645008,4.548461538,10.33426571,13.13334965,110.1215267,9.978716494,290.1392229,9.269879861,1.556621528,0
2023-04-11,64.94497472,3.968531469,9.670139839,14.01523776,111.7863636,12.62161161,287.9570264,14.73560026,1.961080556,0
2023-04-12,63.64361708,3.701458333,9.332777819,14.9075625,112.0995139,15.59144534,281.0856771,18.45116565,2.310996528,0
2023-04-13,59.07874417,4.149374993,9.515486042,15.30177083,114.1484722,16.41467425,282.0603931,19.90072735,1.840711111,0
2023-04-14,56.21774049,4.224444444,9.577569396,15.69877778,115.4329861,17.48309473,165.2609667,16.90220139,1.555725,12.446
2023-04-15,52.17560507,4.293191489,9.279858142,16.76765957,114.9707092,29.68041079,217.4547986,17.96865972,1.438045833,0.254
2023-04-16,46.36673778,5.103216783,9.793356643,16.74247552,118.199021,29.18412074,137.7117236,18.43269444,2.091976389,8.89
2023-04-17,47.21368424,4.256338028,9.288661894,16.67361268,109.5980986,24.08913936,232.1285153,13.31409028,2.488591667,0
2023-04-18,41.27490792,4.598819444,9.32534725,16.00876389,107.6603472,19.30548856,296.8060188,16.74275,2.4224375,0
2023-04-19,35.03650194,5.657902105,9.561678287,15.974,108.5406294,24.54874221,282.2923993,18.98728042,1.698532639,0
2023-04-20,32.87657889,5.342986111,9.472013903,16.95800694,111.2042361,28.65777577,278.4754507,22.23584172,1.921228472,0
2023-04-21,27.27419542,5.434405594,9.556223839,17.5886014,112.9269231,31.12412409,284.728566,21.32041787,2.357566667,0
2023-04-22,24.07261576,6.839444424,9.542638875,17.69702083,110.5179167,29.93541115,92.791525,13.75498611,2.067705556,11.684
2023-04-23,20.30796446,5.705454545,9.296853182,17.33070629,106.926014,26.04025952,249.9202785,11.60499653,2.676015278,0
2023-04-24,13.28357922,4.621608392,9.223706217,17.07639161,106.7865734,24.54099814,294.9687174,10.30049355,2.202848611,0
2023-04-25,9.430201278,5.51328672,9.734825154,16.28204196,106.5765734,21.189664,229.8987215,9.331640972,1.590785417,0
2023-04-26,1.403692701,5.806028369,9.905886376,15.87046099,107.2984397,19.22917923,174.8464396,12.39708826,1.527484028,0
2023-04-27,0.073665194,6.205244755,10.00272716,15.70167832,106.9935664,18.01522453,153.4427799,14.42395262,1.759110417,19.05
2023-04-28,0,5.581328671,10.05881117,15.67433566,104.7330769,17.73285553,76.86786667,14.89875853,1.384438889,37.338
2023-04-29,0.011330583,4.138169014,10.01225352,15.91735211,105.1276761,20.6868588,229.1095729,17.85914657,1.246805556,0
2023-04-30,0,3.235211268,9.676971803,16.91503521,105.9926761,23.64821802,129.5000813,15.32879167,2.004969444,5.334
2023-05-01,0,2.867832168,10.00307683,15.9408951,99.99146853,17.77000468,87.55841181,9.909408333,2.173983333,0.254
2023-05-02,0,2.675874126,10.50622378,15.09027972,98.82881119,12.72015794,291.1197076,12.80681181,2.760606944,0
2023-05-03,0,2.846388889,10.75590278,14.47766667,98.11020833,8.906189333,176.8575097,9.357451389,2.222511111,0
2023-05-04,0,2.793680556,10.75756944,14.19690278,98.09770833,9.079614616,298.2142437,11.68178611,2.800946528,0
2023-05-05,0,4.694722208,10.92840278,14.41714583,101.0147222,11.83163474,316.8114618,13.87201454,1.480202083,0
2023-05-06,0,6.46964788,11.1158042,14.85655245,105.5773427,14.40625035,309.7033472,17.70370735,1.214318056,0
2023-05-07,0,5.353125,10.81666666,16.162,108.3194444,23.21788113,172.5135889,19.45054548,1.737432639,1.778
2023-05-08,0,3.991048951,10.55405592,17.23282517,109.0176224,28.90591844,254.8305556,21.57477778,1.662309722,0
2023-05-09,0,5.226928579,10.64800003,18.26853571,111.8803571,35.46275284,226.8112278,19.74891667,1.897993056,5.08
2023-05-10,0,7.327777792,11.811875,17.86361806,117.1517361,33.57786321,305.4221632,16.42666667,1.369131944,0
2023-05-11,0,5.596083902,11.81699301,18.61101399,115.0927273,36.35887126,305.7178333,18.38417361,1.333657639,0
2023-05-12,0,3.358958333,11.31659722,19.6056875,113.2281944,42.14944536,198.2017285,20.09611806,1.258314583,0
2023-05-13,0,3.347847222,11.9854861,19.70711111,116.6167361,48.07429168,192.3069688,21.76693056,1.314723611,1.27
2023-05-14,0,2.675,11.77673611,20.28166667,118.0988194,49.72629931,293.2915944,19.56806944,1.287719444,0.254
2023-05-15,0,2.725874126,12.01356643,20.49957343,118.5402098,47.56581794,61.88677917,15.65450694,0.702975,2.54
2023-05-16,0,3.844375,11.10652777,20.89484722,110.4997917,46.25124953,150.1260403,18.95307639,0.978499306,12.954
2023-05-17,0,2.612867133,10.25377627,21.54251049,108.5258741,48.6445964,285.0335653,18.19194444,2.536738889,0
2023-05-18,0,2.60352518,12.22328671,20.1177972,115.2686014,40.44801781,194.8169458,15.35364583,1.2658,0
2023-05-19,0,3.293216783,11.284375,20.1510625,107.9753472,38.33667578,205.6274806,16.18836806,0.965111806,0
2023-05-20,0,3.239859155,10.91727273,20.69358741,108.4351049,43.68728903,204.402575,20.17482639,1.452359028,0
2023-05-21,0,2.114583333,10.66888889,21.08718056,106.768125,47.68535295,315.6251111,17.86278472,2.7777,0
2023-05-22,0,2.410694444,11.375625,20.86370139,110.5627083,43.92768621,293.0800375,19.09259661,1.509776389,0
2023-05-23,0,2.860972222,11.27472222,20.95541667,110.2788194,42.96796436,271.0970028,17.13686806,1.282753472,0
2023-05-24,0,2.346056338,10.79746479,21.21317606,109.8958451,45.60257244,290.7348278,17.45822222,1.56553125,0
2023-05-25,0,2.920902778,11.36048611,21.15988889,111.5569444,44.2198064,189.4655875,15.86464583,1.770034028,0
2023-05-26,0,2.617847222,11.39493056,20.73120139,110.5391667,40.96263222,306.7245681,15.14725694,1.34170625,0
2023-05-27,0,2.654583333,11.11138889,20.40889583,108.8486111,38.50775768,180.5419486,15.26195139,1.882157639,0
2023-05-28,0,2.856293706,11.17090909,19.70565035,106.0916084,34.00887517,69.22098194,14.397375,1.817056944,10.922
2023-05-29,0,2.609305556,11.14715278,19.28557639,103.7986111,31.44041263,108.0536208,17.61339601,2.213338889,34.29
2023-05-30,0,2.439366197,11.57204225,19.05354225,101.5278169,29.77527934,129.0176493,18.22109028,1.376813194,6.858
2023-05-31,0,1.542430556,11.35840278,19.34459028,103.8282639,32.07428021,215.9263382,18.0421875,1.113925,0.762
2023-06-01,0,0.982638889,11.29854167,19.77080556,105.1038889,37.00116794,320.8827625,19.17734722,1.53265,0
2023-06-02,0,1.034791667,11.50027778,20.27205556,108.0803472,44.9865446,327.6807319,21.47783333,1.916966667,0
2023-06-03,0,0.886993007,11.61125874,20.78873427,109.7488112,49.41248779,263.8105444,22.05812426,2.332513889,3.302
2023-06-04,0,1.128611111,11.76791667,20.94715278,110.2494444,41.39970835,97.52538472,16.68388194,1.143213889,0
2023-06-05,0,0.880070922,10.40609928,21.49635461,105.7420155,45.1043284,313.8573319,18.64388889,1.753048611,0
2023-06-06,0,0.9,10.0190909,22.41334266,106.5351748,48.44906301,256.0525403,18.76579167,2.243782639,0
2023-06-07,0,0.872447552,10.25154931,22.13622378,105.3997902,47.10916666,190.3439604,18.32922917,1.724993056,0.762
2023-06-08,0,0.814366197,10.47903227,21.71823944,105.7985915,43.95368312,303.2696222,16.89475694,3.042155556,0
2023-06-09,0,0.824782609,10.61616279,21.4727971,105.8614493,42.46563677,269.5290424,17.70863889,2.170699306,0
2023-06-10,0,1.103776224,11.14727274,21.12714685,106.271049,42.56346045,328.4128917,20.78831839,1.55495,0
2023-06-11,0,1.076736111,11.07893616,21.59266667,108.2454167,44.46437816,242.1598319,21.22383537,1.925178472,0.762
2023-06-12,0,1.248263889,10.74552632,22.10130556,107.7638194,45.81527021,186.5600792,21.25238194,1.910793056,2.794
2023-06-13,0,1.068873239,10.37132742,22.15993662,106.2150704,46.30160139,319.1927951,19.99162257,1.686961806,0
2023-06-14,0,1.099534884,10.11241935,21.5304186,103.9590598,40.71777459,107.5506896,20.44794444,2.056449306,0
2023-06-15,0,1.142986111,9.733819451,21.30679861,103.5847222,41.98744877,229.8568313,21.33026389,1.885809722,0
2023-06-16,0,1.310069444,9.620902736,22.44085417,107.0764583,47.19726422,268.5901556,23.07101106,2.044497917,0
2023-06-17,0,0.934788732,9.492816923,22.65078169,105.4269014,47.57669339,305.1592764,21.74137889,2.866415972,0
2023-06-18,0,1.051944444,9.962847215,22.15960417,107.8789583,45.86521467,316.4221083,22.91677012,1.75691875,0
2023-06-19,0,1.183216783,10.59937059,22.295,108.3992366,45.48226911,129.862234,21.82258543,1.188856944,
2023-06-20,0,1.647342657,11.33986014,21.49746154,104.408951,39.59272062,85.68799306,21.01485557,2.633195833,14.986
2023-06-21,0,1.911666667,11.24729167,21.02000694,101.3290278,35.71286003,68.28327222,18.76560387,2.908426389,11.176
2023-06-22,0,2.409929078,11.18035461,20.39387943,99.78241135,31.532459,56.03196875,15.99263194,1.334356944,21.082
2023-06-23,0,2.524055944,11.20055944,20.35081119,100.9288811,32.33846315,152.1826472,19.75679167,1.000884722,1.524
2023-06-24,0,1.489084507,10.42401406,21.50710563,104.351338,40.02777518,223.3194271,22.6094873,2.388561111,0
2023-06-25,0,1.396830986,10.56830982,21.89941549,105.1959155,44.88838261,255.2637382,23.98191988,1.650904861,0
2023-06-26,0,1.539440559,10.26538462,22.92109091,107.8792366,51.0166965,296.8827237,25.29692583,2.057652174,0
2023-06-27,0,1.394586466,9.363984947,24.00562406,105.9030827,54.2463377,203.7798354,22.89216825,1.776451389,0
2023-06-28,0,1.331875,9.458819493,23.75886111,106.1721528,52.46928591,275.234275,22.84579513,2.070743056,0
2023-06-29,0,1.412916667,9.962777792,23.6170625,107.9632639,51.75872605,306.8435722,21.99634028,1.194099306,0
2023-06-30,0,1.310902778,9.988749986,23.94611111,109.6655556,54.54034337,227.7450132,24.01504861,0.973115278,0
2023-07-01,0,1.306736111,9.924374986,24.61251389,110.9496528,62.02545228,211.2169208,25.24097222,1.217290278,0
2023-07-02,0,1.128333333,9.67111116,25.44360417,111.8557639,67.49552537,257.1566326,26.41541595,1.292870833,0
2023-07-03,0,1.272083333,9.439236118,26.08253472,111.6704167,71.96319448,237.8182556,25.86204718,1.673144444,0
2023-07-04,0,1.136293706,8.545384643,27.01834965,109.0748252,75.48300711,246.9540215,24.30301389,1.972510417,0.762
2023-07-05,0,1.366503497,9.221748294,26.67926573,109.3621678,74.86009364,241.8997313,24.45647222,1.656341667,0
2023-07-06,0,1.410833333,9.077291639,27.02877083,110.0522222,77.78968178,251.422816,24.98011111,1.447949306,10.668
2023-07-07,0,1.103636364,8.675944007,27.67930769,110.6097203,84.09556674,265.7779118,24.43385417,2.369597222,0
2023-07-08,0,1.496944444,9.438750007,27.60873611,113.1625,81.53326816,221.8598951,24.26463889,1.565682639,0
2023-07-09,0,1.08986014,8.899160895,27.36876923,109.0164336,77.47831723,176.1470889,22.17109722,2.595580556,4.064
2023-07-10,0,1.135070423,8.993309866,26.8725,107.5183099,75.48116397,309.1828167,22.66018056,2.729567361,0
2023-07-11,0,1.283472222,9.219166674,26.7986875,109.0160417,76.23031318,294.4377458,22.10513889,2.228659028,0
2023-07-12,0,1.392237762,9.266503524,26.88155944,110.0207692,74.19280095,257.302759,23.31180556,1.250229167,0
2023-07-13,0,1.274097222,9.378819417,26.831875,110.626875,73.44900851,242.4505569,24.93504898,2.02746875,17.526
2023-07-14,0,1.545704225,9.140070394,26.73867606,108.2135915,71.49278254,205.1185167,22.94272849,1.122204167,16.256
2023-07-15,0,1.447692308,8.816923028,27.18774825,109.1244755,75.04862571,222.0036528,24.43366619,1.467523611,2.286
2023-07-16,0,1.536713287,8.561398615,27.67007692,109.4183916,77.90126386,283.2037771,24.605375,1.969372222,4.064
2023-07-17,0,1.885069444,8.691805514,27.23747222,108.3052083,74.6521484,263.3683486,24.06488209,1.920294444,8.128
2023-07-18,0,2.296643357,8.828042021,27.15433566,110.404965,74.45365392,292.0303903,25.46099028,1.486575,0
2023-07-19,0,2.762083333,8.346944451,27.68990278,110.6970139,76.79925181,198.2699889,24.11023508,1.693403262,9.652
2023-07-20,0,3.144615385,8.475174804,27.39707692,110.1865035,75.17090381,246.2996278,25.08561594,1.596957639,13.716
2023-07-21,0,3.209583333,8.120694417,27.57451389,109.5366667,75.2621157,239.5805688,24.83132019,1.860179167,0
2023-07-22,0,4.765833333,8.466874986,26.89672917,107.0615972,70.64035545,119.4113278,22.66890076,1.492686806,0
2023-07-23,0,4.837013889,8.849305514,26.29767361,107.184375,65.69218887,211.3828014,22.26551382,1.397781944,27.686
2023-07-24,0,5.289860147,8.935804196,26.19641259,109.6862238,67.26712551,288.9346035,23.42017706,1.265189583,0
2023-07-25,0,4.874055937,8.909300706,26.74841958,112.6944755,72.66319671,248.0060333,24.04796627,1.601304167,2.54
2023-07-26,0,4.798943662,8.944788768,27.1588169,114.5659155,72.95815082,288.1261597,25.54889613,1.424541667,0
2023-07-27,0,5.558239444,8.385845092,27.80973944,116.1724648,81.73091289,310.9790285,26.8865547,1.345843056,0
2023-07-28,0,6.174861111,8.21916666,28.48234028,114.5577083,83.7129295,231.3814743,26.63258152,1.562696528,8.128
2023-07-29,0,3.537152778,8.520763938,28.20615972,111.1557639,83.12131461,269.2837604,26.82037018,1.959747917,2.032
2023-07-30,0,3.917430556,8.613472264,28.28768056,110.6680556,81.09368018,226.2816674,25.52427233,1.629834722,1.27
2023-07-31,0,3.372307692,9.04937065,27.99464336,113.3962595,78.45786645,275.856766,23.9490447,1.708126389,0.254
2023-08-01,0,3.5275,9.442152764,27.837625,115.2630556,77.05199615,284.8050375,21.91873746,1.435820139,0
2023-08-02,0,4.493776224,10.01307683,27.27685315,115.6840559,71.34486294,260.5004521,21.89198384,1.431039583,0
2023-08-03,0,6.257152785,10.034861,26.45791667,109.1686111,64.1572073,16.32436181,19.40934028,1.751926389,12.954
2023-08-04,0,9.038510617,10.55270833,25.70547222,107.7080556,60.244625,220.1103611,23.01255583,1.06739375,0.254
2023-08-05,0,5.960486104,10.56715278,26.08557639,116.22,64.09081313,283.8628437,24.91090512,1.343056944,0
2023-08-06,0,7.01744683,10.69170211,26.24650355,116.7463121,63.49814972,120.3953042,23.59855051,1.098627778,17.272
2023-08-07,0,6.772027979,10.5186014,26.13100699,114.3455944,62.06927426,224.0479326,24.81605314,1.450761111,0
2023-08-08,0,5.315138889,9.927222222,26.27877083,112.5611806,61.60324982,273.5103486,23.97143251,2.260124306,0
2023-08-09,0,6.102986104,10.099861,25.77079861,109.1517361,58.79787046,198.2596056,23.71265481,1.688133333,0
2023-08-10,0,7.184895098,10.08076917,25.71471329,110.9612587,56.56745356,115.7813715,22.97258046,1.281666667,4.572
2023-08-11,0,7.31720279,10.22223771,25.22785315,107.7513986,56.48369572,266.7185604,24.20055373,1.104986111,0
2023-08-12,0,6.895972236,10.45833333,25.81753472,114.7929861,62.55850741,266.9019382,26.57138709,1.424715278,0
2023-08-13,0,6.371527792,9.903750014,26.49420833,113.7643056,65.9083127,235.7197826,26.35113409,2.518140278,0
2023-08-14,0,8.431985801,10.6576596,26.41131206,117.6236434,65.87438274,162.6305167,25.30669564,1.208928472,4.064
2023-08-15,0,6.831118881,10.15650348,26.85072727,117.3465035,67.47382149,204.2870882,27.17688826,1.647109722,0
2023-08-16,0,7.641597257,10.20472223,26.15958333,111.2330556,62.36632511,209.1004437,24.42848812,2.360907639,0
2023-08-17,0,8.48263891,10.63541667,25.8468125,114.3655556,58.1507225,268.0340264,24.71616364,1.66744375,0
2023-08-18,0,7.001418454,10.09312055,26.21714894,112.8178723,59.09076823,287.2782868,24.99111922,2.062927083,0
2023-08-19,0,7.791805549,10.63652778,25.35018056,105.2985417,48.24649217,289.4907611,21.70699396,2.005890278,0
2023-08-20,0,6.219300699,10.69055944,25.31286014,107.9695105,48.2081652,279.2657424,24.96985117,1.482063194,0
2023-08-21,0,6.089154937,10.37887319,25.89902113,108.6541549,51.92809342,222.6269819,26.14280782,1.908310417,0
2023-08-22,0,7.888041972,10.31797203,26.38723077,111.5831298,54.47468924,235.3422236,27.03126834,2.629622222,0
2023-08-23,0,6.629305556,11.16743056,25.84192361,112.3859028,51.24048181,272.4820132,23.99170905,1.153485417,0
2023-08-24,0,7.004166681,10.774375,26.0413125,111.7167361,53.2303257,202.9019319,25.20166792,1.4351375,0
2023-08-25,0,7.236736125,10.35875001,26.38448611,110.1620139,55.85630693,194.8173625,26.86130637,2.154164583,0
2023-08-26,0,9.342797196,10.65069929,26.39672727,106.4415385,55.3850258,204.5288306,26.55307233,1.879169444,0
2023-08-27,0,10.07194447,11.32090278,26.24521528,104.9278472,54.22118783,125.8685917,26.09858063,1.097497222,0.762
2023-08-28,0,12.32277778,11.10861111,25.593,95.419375,50.31708678,91.21126319,23.52316455,1.07143125,4.572
2023-08-29,0,9.123846175,11.06965035,25.21732168,91.44020979,48.33128869,82.04662708,24.12098677,0.868595139,0
2023-08-30,0,7.599861125,10.94361111,25.26461806,90.43701389,48.02469873,187.2745493,25.42034094,3.192270139,0
2023-08-31,0,8.470070423,10.92274648,24.78628169,90.98338028,45.18885428,276.3052896,22.07522796,3.720561111,0
2023-09-01,0,10.01922537,11.14971831,24.50706338,93.65535211,43.1664899,273.2840458,20.35990296,1.442565278,0
2023-09-02,0,8.339370622,11.18881119,24.48134266,96.43244755,42.7079696,258.6244972,22.47643109,1.310904861,0
2023-09-03,0,8.257272713,11.07839161,24.77747552,100.0422378,44.27087419,250.8315306,25.28478673,2.429739583,0
2023-09-04,0,9.031985787,11.02368794,25.3642695,103.1621277,47.94955328,254.2974986,26.61181273,2.841655556,0
2023-09-05,0,11.55256945,11.58729167,25.43091667,105.6132639,48.97778758,238.0467888,27.26477361,2.512640278,0
2023-09-06,0,11.41819446,11.98319444,25.83264583,108.721875,50.42669937,243.4597951,27.3010731,1.781333333,0
2023-09-07,0,8.928541688,10.15145837,26.7814375,104.8978472,54.31094273,157.4449819,24.06658432,2.419713194,10.922
2023-09-08,0,10.0917361,9.618611104,26.03460417,102.1833333,50.4251169,240.0633861,24.15540236,1.760773611,1.524
2023-09-09,0,13.92176056,8.114718352,25.77726761,101.1306338,49.12687641,120.0448632,22.35986246,1.087268056,3.048
2023-09-10,0,19.36478873,7.284788732,25.15409155,97.23943662,45.73178424,89.59491667,21.34029692,1.143794444,12.446
2023-09-11,0,14.78479169,7.926319465,24.79711806,93.96479167,43.09070242,199.2250424,21.89890389,2.127809722,0.254
2023-09-12,0,13.49942857,9.414571429,24.80829286,98.61375,42.93868778,170.6132701,21.64406347,1.595635417,16.256
2023-09-13,0,9.906874965,10.76875,24.72995139,99.90763889,42.38708595,214.3664653,22.82397793,2.319754861,0
2023-09-14,0,10.96811187,10.87594406,24.65126573,102.5588112,42.2200083,234.5337111,20.87282828,1.774816667,0
2023-09-15,0,12.79215281,11.00652778,24.21557639,99.44506944,40.05658842,246.1806243,18.13282339,2.029100694,0
2023-09-16,0,11.99840277,10.99652778,23.99092361,99.404375,38.56017106,230.9808507,20.09789359,1.416746528,0.254
2023-09-17,0,18.20291667,11.40555556,23.380375,90.0175,34.20781552,33.42070556,18.85326274,1.397303472,5.588
2023-09-18,0,13.09608392,11.2572028,22.61563636,87.90450382,29.72704414,211.3501681,19.27307089,2.848451389,0
2023-09-19,0,13.58819444,10.95826389,22.30826389,92.25763889,29.54250025,201.3323729,19.42154181,2.018147222,0
2023-09-20,0,16.17725352,11.10492958,22.08552817,96.20246479,28.73907093,216.0420993,20.55636975,1.501899306,0
2023-09-21,0,16.42736111,11.42958333,22.20439583,102.1554861,29.56985123,150.0788757,20.95966521,1.170108333,0
2023-09-22,0,13.80951389,11.32256944,22.10064583,105.7894444,28.54590822,182.0277486,19.13409697,1.839431944,0
2023-09-23,0,12.88097902,11.18517483,21.00320979,96.71104895,20.31876389,44.54261528,14.73636111,7.866114583,25.146
2023-09-24,0,13.8558042,10.98888112,20.27974126,90.44041958,18.64654133,150.3736215,19.49775126,2.079834722,0.254
2023-09-25,0,16.32608392,10.89440559,20.32235664,92.05769231,19.59240236,74.06579375,20.1481489,1.436834722,1.524
2023-09-26,0,17.60021127,11.47507042,19.6983169,73.83869231,16.75504634,57.07315278,17.584625,1.110872917,1.778
2023-09-27,0,14.38340278,11.69798611,19.21959722,73.34784722,14.59915212,61.6395875,14.81280556,1.05316875,0.508
2023-09-28,0,13.07929078,11.73788732,19.03565493,78.50577465,14.55847424,135.3230514,15.60988889,0.924053472,0
2023-09-29,0,10.67845068,11.71661972,19.11383099,91.84253521,15.34695215,208.3463917,18.82991165,1.768984722,0
2023-09-30,0,9.624225296,11.68929577,19.68203521,96.48021127,19.44014061,207.4530215,21.12495149,1.373626389,0
2023-10-01,0,9.586527785,11.69604167,20.0999375,99.70263889,21.4744644,202.6864319,19.83406979,2.134365278,0
2023-10-02,0,8.940563352,11.51119718,20.38009859,103.3600704,21.50355015,205.2554243,20.36426715,1.937551389,0
2023-10-03,0,8.74312056,12.00007092,20.47785816,106.2968085,22.74958681,175.8990056,21.20200053,1.438179167,0
2023-10-04,0,6.144647887,10.85929577,20.81821831,108.5934507,22.53934802,193.1221389,20.91901733,1.550748611,0
2023-10-05,0,6.624647894,11.34943662,20.75735915,108.0867606,22.29887006,118.1352694,18.79856261,1.4250625,0
2023-10-06,0,5.927266187,11.20755396,20.54258273,107.7500781,21.73979979,147.4271458,20.49309833,1.071828472,2.54
2023-10-07,0,5.096736111,10.75923612,20.24650694,102.5470139,18.60672817,211.6951556,15.22275969,3.008068056,0.762
2023-10-08,0,6.893021604,10.97956835,18.36328777,90.43086331,10.35146735,153.2647694,13.06865874,1.9473625,0
2023-10-09,0,8.368521134,11.01055944,17.38570629,84.68027972,8.662851553,103.2884514,12.19393114,1.610221528,4.572
2023-10-10,0,9.174647887,10.92112676,17.0533169,81.34028169,8.530474198,196.2616118,14.07365025,1.718879167,0.254
2023-10-11,0,9.43741258,11.05545455,16.94646853,84.44027972,8.236353267,128.9777757,12.97579376,1.839129167,0
2023-10-12,0,7.900138917,11.33708333,16.53311806,81.57326389,7.294690172,185.3094187,15.29638786,1.643849306,0
2023-10-13,0,6.32965035,11.4351049,16.79672727,83.11020979,8.467944753,183.7882799,17.78697548,1.483381944,0
2023-10-14,0,8.053402778,11.65222222,16.80152778,82.37347222,7.26793318,70.31231806,16.1759375,1.467157639,10.668
2023-10-15,0,6.196503497,11.52027972,16.48263636,86.42986014,4.6950541,156.9876813,12.96731944,3.358861806,0
2023-10-16,0,5.773566434,11.23734266,15.79288811,81.13629371,3.532291003,145.7404931,10.65688889,2.910299306,0
2023-10-17,0,6.108181825,10.97216783,15.28627273,78.59167832,3.16587327,87.38180556,11.41651528,3.076509722,0
2023-10-18,0,6.025244762,10.80741259,14.85818881,71.51482517,2.935730726,155.3675833,11.48378542,1.356121528,0
2023-10-19,0,6.070902778,11.10972221,14.73250694,74.06715278,2.891629197,163.4576965,13.66943156,1.859422917,0
2023-10-20,0,6.772013903,11.31993056,14.62299306,73.15111111,2.481406264,42.10057639,12.50833333,1.185126389,4.318
2023-10-21,0,5.980277785,11.11993056,14.29607639,78.68166667,0.971183484,181.2514896,13.96433333,2.011716667,0
2023-10-22,0,5.795972229,10.30791667,14.14220833,78.58166667,0.373654896,139.131275,13.61414583,2.856484722,0
2023-10-23,1.461146792,6.780279741,10.05930066,13.7247972,77.50041958,1.16540442,175.4563819,11.23489028,2.070482639,0
2023-10-24,1.951098931,6.329924812,10.29842105,13.59481203,77.22297521,1.372459562,167.4965542,12.72835588,1.665159028,0
2023-10-25,1.184746583,6.896934299,10.57839416,13.72419708,80.28817518,2.021948421,167.9196903,16.40200116,1.533618056,0
2023-10-26,0.124134778,7.926397051,10.87536765,13.96666176,87.77911765,2.985154534,157.4857292,18.90106296,1.546040278,0
2023-10-27,0,9.788467153,11.1523913,14.20254348,92.58275362,4.554136959,147.9472313,19.66001162,1.325601389,0
2023-10-28,0,8.949855087,11.41934783,15.1123913,100.2639855,9.608217518,141.8771472,22.72801594,1.800208333,0
2023-10-29,0,11.84753622,11.80543478,14.66781159,105.1016667,12.63245239,153.3794479,23.33743812,1.435585417,0
2023-10-30,0,6.961739123,11.71137681,17.16652174,107.3800725,16.44574882,77.79099653,19.29613532,2.9391375,0
2023-10-31,0,8.04255473,11.80583942,15.39052555,91.52832117,7.139947294,29.71759722,10.48333333,1.564579861,0.508
2023-11-01,57.56831124,5.825942029,11.69536232,13.55557246,86.39108696,0.405498851,171.493075,4.935058981,3.158779167,0
2023-11-02,79.65445236,5.589285721,11.51007143,12.51200714,78.39535714,0.792172272,165.1432889,5.365702459,1.3318875,0
2023-11-03,74.63517708,5.439357143,11.57721429,11.8788,76.64,0.544106051,162.9286424,9.43702808,1.567153472,0
2023-11-04,75.8359391,6.032269504,11.5935461,11.80741135,80.55049645,1.133696739,155.2858813,12.16125106,1.972125,0
2023-11-05,76.60133972,5.7785,11.56385714,12.32339286,86.70635714,1.921199314,146.8806639,15.92407747,2.428044444,0
2023-11-06,73.24627569,6.739499986,11.72064286,11.91834286,83.6995,1.11266023,145.3788736,13.30755881,1.741099306,0
2023-11-07,72.68063188,6.927928564,11.77,12.18591429,91.06442857,0.84997421,108.8960479,18.99630577,1.716944444,0
2023-11-08,65.96186014,7.606285729,11.87721429,12.25425,89.24207143,1.476655329,129.162266,17.6697036,1.798051389,0
2023-11-09,65.25462972,7.788785736,11.95528571,13.0416,96.78257143,3.0730501,106.8348639,20.43001314,2.610759722,0
2023-11-10,61.72756361,9.401619676,12.11049296,13.25642254,95.25647887,3.759684389,16.59310694,13.85944885,1.849193056,0
2023-11-11,49.76572021,9.171843979,12.10205674,12.62631206,92.48588652,1.987596667,129.2848882,10.34010677,1.781948611,0
2023-11-12,41.53730451,6.997588645,12.02035461,11.98097872,84.76411348,0.605024296,143.9940257,9.935630152,1.345779861,0
2023-11-13,82.32965875,7.48014183,11.91319149,11.72384397,85.40886525,0.580322737,137.7827715,11.3492844,1.426957639,0
2023-11-14,87.88690444,8.529347797,11.92637681,11.64071014,90.24253623,0.541064219,127.7191368,12.64497749,2.385179861,0
2023-11-15,85.29181264,7.723873254,12.0121831,11.15740141,84.64359155,0.269171621,92.05645764,11.75941088,1.483384028,0
2023-11-16,85.27060007,7.479071421,12.04785714,10.82054286,85.47828571,0.365715534,128.7372111,12.54091653,1.771569444,0
2023-11-17,83.48753708,9.772517964,12.06661871,10.88207194,90.06381295,0.617474546,101.8891306,15.04134298,1.749134028,1.27
2023-11-18,88.57308931,9.555390064,12.06241135,11.39999291,96.80737589,0.30972849,130.1734646,13.92711736,3.224102778,0
2023-11-19,89.57462375,9.942836865,12.04638298,11.12785106,95.6635461,0.777698107,135.8081826,9.74410037,2.153420833,0
2023-11-20,84.06772063,8.376312064,12.06496454,10.52361702,89.43886525,0.255922389,85.94493472,10.17828155,1.602340278,0
2023-11-21,88.80482083,8.575602851,12.02822695,10.11560993,86.80624113,0.036895759,8.759282639,8.274314133,1.656514583,52.07
2023-11-22,92.27678028,7.334822709,11.99141844,9.904475206,89.63843972,0.067606488,71.08382569,10.86867476,3.0355875,0
2023-11-23,92.96258007,8.635673702,12.06439716,9.554042589,93.47056738,0.465329239,129.456209,9.535790278,2.353334722,0
2023-11-24,85.69572222,8.004172655,12.16784173,9.334086367,93.79172662,0.670318925,98.84320486,8.733940407,1.798609028,0
2023-11-25,86.14611993,5.740428571,12.37285714,8.971292829,89.2735,0.222556697,46.82676319,4.112188194,1.184992361,0
2023-11-26,89.9291775,6.272198582,12.47234043,8.487595787,86.87531915,0.18998913,124.7698542,4.471856474,1.490298611,0
2023-11-27,93.81907792,6.812836879,12.44900709,7.993382965,90.96751773,0.023594549,106.7247688,6.433663194,2.875411806,0
2023-11-28,95.33807708,7.768936163,12.51702128,7.119198582,92.59,0.043070775,112.8521479,2.854756944,2.265563194,0
2023-11-29,94.08935694,8.971205652,12.58978723,6.45929078,92.4729078,0.110668902,123.962109,1.609354374,1.785208333,0
2023-11-30,93.24702938,8.749078028,12.64666667,6.18951773,91.59439716,0.196360493,118.2015292,7.567277384,1.678704167,0
2023-12-01,92.47599236,9.070928586,12.7235,5.931614286,89.64957143,0.039122032,13.83990972,8.525002387,1.565211806,1.524
2023-12-02,92.34107125,10.05255322,12.69262411,6.156971631,91.81163121,0.175077124,52.20618542,14.43276398,1.513825,4.318
2023-12-03,92.84095549,10.26464286,12.66935714,6.734221429,95.07571429,0.178824078,80.71578125,16.80528577,1.92810625,6.858
2023-12-04,95.93976625,12.01014284,12.65157143,7.148814286,98.64207143,0.116447886,96.19260625,11.76467257,1.943076389,0
2023-12-05,96.91085688,11.60464285,12.70707143,7.0416,98.78485714,0.384830604,104.1599639,9.114632079,1.552243056,0.762
2023-12-06,99.15635417,9.833623167,12.76717391,6.723282609,97.95768116,0.063900408,116.0945819,7.955009782,2.765313194,0
2023-12-07,99.42585785,10.41999999,12.86964286,6.27775,97.46921429,0.051153956,108.3454243,8.083590773,2.129828472,0
2023-12-08,98.21505271,11.01556338,13.02556338,6.093056338,96.23661972,0.082782707,106.0056375,11.47028161,2.286757639,0
2023-12-09,97.71103951,11.13900708,13.13148936,5.968787234,95.69659574,0.076879939,42.0866625,10.74384807,1.873773611,2.286
2023-12-10,97.75252917,11.01489362,13.1022695,6.353964539,96.29411348,0.12920527,13.03154236,13.4770394,3.105660417,58.166
2023-12-11,99.65037285,10.97638296,13.3448227,6.108617021,96.70446809,0.015661963,99.70781667,4.554639169,3.711465278,0.254
2023-12-12,98.68437493,11.21071944,13.65719424,5.698395683,96.65741007,0.163231478,116.0405299,4.813441454,2.571647917,0
2023-12-13,100.5058042,11.52942856,13.849,5.566778571,97.72192857,0.026247684,106.3351278,8.895664804,2.350954861,0
2023-12-14,99.37661035,9.97822695,14.06893617,5.48106383,98.09851064,0.105555677,114.8217306,6.068009663,1.881670139,0
2023-12-15,99.43762083,10.25862316,14.22028986,5.308137681,97.84427536,0.145851284,114.0636007,7.969799253,2.545646528,0
2023-12-16,98.58780847,9.159136698,14.36690647,5.117071942,96.59453237,0.050650121,88.36050556,8.421904137,1.744122222,0
2023-12-17,97.82784333,9.586950376,14.4864539,5.026297872,95.30212766,0.021793621,9.677517361,10.0466397,2.294583333,23.114
2023-12-18,100.613684,9.67489054,14.36058394,5.214094891,97.62024,0.00731235,107.3958097,8.671974254,3.402122917,0.254
2023-12-19,100.5277167,9.583191504,14.47,4.637865248,97.86205674,0.005120074,121.4380889,1.501589016,3.192886806,0
2023-12-20,100.3101424,9.441824839,14.59459854,4.116963504,97.58145985,0.003801907,107.2783417,3.723947617,2.1805125,0
2023-12-21,100.3342674,7.889,14.60814286,4.214228571,98.58392857,0.013462911,99.03148889,7.549385602,1.914967361,0
2023-12-22,100.4723176,7.524326241,14.69489362,4.237808511,98.84007092,0.014997886,109.9623833,8.282704412,1.40246875,0
2023-12-23,98.66688972,8.918226972,14.72921986,4.147609929,98.12170213,0.00899445,100.2131979,8.027022117,1.404398611,0
2023-12-24,100.9728829,9.287642821,14.67928571,4.363914286,99.93242857,0.021265276,106.8464826,10.5520502,1.808627778,0
2023-12-25,100.1661203,9.60585715,14.6485,4.581557143,100.6012143,0.042620426,46.09811667,11.17358569,1.353188194,2.032
2023-12-26,98.39215903,11.02191489,14.6570922,4.668255319,99.34546099,0.051017671,12.74343611,11.73450694,1.141804861,15.748
2023-12-27,96.55579201,10.03788732,14.55274648,5.206823944,101.035493,0.15594555,48.89463056,13.09087102,1.541854167,15.748
2023-12-28,102.2158353,8.06524827,14.45836879,5.967695035,102.8941135,0.104155999,104.9052688,9.783849353,2.741611111,0
2023-12-29,104.2097278,10.76333335,14.53666667,5.612808511,101.8868794,0.024248854,26.73827431,7.495835451,3.099206944,0
2023-12-30,103.2060583,11.26521426,14.6445,5.094942857,100.4633571,0.012597872,44.21112014,7.03121643,1.928763194,0
2023-12-31,101.9579257,9.792269504,14.64794326,4.888808511,100.3904255,0.050779186,102.5054201,6.035765493,1.555822917,0
2024-01-01,102.9894306,9.542482284,14.63382979,4.739921986,100.7447518,0.012790409,94.11390347,4.720732182,3.586623611,0
2024-01-02,102.6390125,10.18589929,14.65115108,4.216633094,100.028777,0.001976123,117.9171458,4.530039261,4.273019444,0
2024-01-03,101.9632111,9.834857164,14.674,3.944471429,99.64378571,0.000254609,95.75301944,4.814684722,2.386501389,0
2024-01-04,102.7513403,9.580499993,14.63757143,3.848628571,100.1089286,-0.00081593,86.24656736,2.000922917,3.693553472,3.048
2024-01-05,100.5476313,8.139428557,14.71121429,3.375957143,98.64585714,0.020446322,107.9401215,0.452372222,1.587683333,0
2024-01-06,99.04650069,9.997285693,14.65957143,3.548642857,98.24078571,0.007429521,28.36194514,1.119847222,1.657453472,13.208
2024-01-07,101.9250194,8.175957411,14.59092199,3.344886525,99.28212766,-0.005971525,96.40837222,6.400075,2.561734722,0
2024-01-08,101.2877938,8.360851057,14.54397163,3.273829787,98.33390071,-0.008219281,124.2538333,4.313385827,2.054307639,0
2024-01-09,100.2960129,10.69014185,14.48340426,3.37251773,98.46219858,0.003482781,11.65994931,6.372944248,1.82798125,54.61
2024-01-10,100.9933826,9.274071414,14.4295,3.303392857,98.4065,-0.0037621,45.91678194,6.096181944,2.997567361,0
2024-01-11,100.5078271,9.3014286,14.50014286,3.031471429,98.13092857,-0.009149411,123.9520924,7.492248394,2.031120833,0
2024-01-12,99.53153042,8.484857129,14.52607143,3.111935714,97.26435714,0.018905646,72.78431875,5.091612922,2.186446528,8.89
2024-01-13,100.1436858,7.630425539,14.46624113,3.186815603,97.70262411,-0.004948528,125.3496292,4.734772222,2.593728472,0
2024-01-14,100.3434326,7.799714264,14.49457143,2.839678571,97.9115,-0.006260569,122.6896368,2.240127778,3.294951389,0
2024-01-15,98.96365069,7.655035993,14.53697842,2.854388489,96.83316547,0.019048316,28.38833264,-1.756120139,1.228136806,0
2024-01-16,97.86721493,6.917234057,14.54758865,2.48512766,96.71865248,0.032394174,70.62367986,-3.988866667,3.163091667,0
2024-01-17,98.13098111,6.532374079,14.63201439,1.31294964,95.86374101,0.008427986,137.5333618,-7.477088194,3.215734028,0
2024-01-18,97.64819583,5.9317143,14.71057143,1.129492857,95.17542857,0.791876536,79.74320972,-1.31796875,1.426913889,1.524
2024-01-19,96.97954313,5.790285721,14.64042857,1.271307143,96.07585714,0.320759117,85.86378264,-0.052129861,1.959573611,0.508
2024-01-20,98.33946688,4.940935252,14.58618705,0.765755396,96.15906475,-0.001670501,133.750491,-7.269102083,4.112306944,0
2024-01-21,98.06401007,4.704714286,14.5785,0.280764286,96.05057143,0.284031477,140.9143236,-5.734535417,4.4745625,0
2024-01-22,96.81748993,4.427642857,14.613,0.948642857,96.68371429,0.530402105,134.5125104,-1.774142361,1.796070139,0
2024-01-23,81.00214104,4.890071421,14.63128571,1.131964286,97.16842857,0.440843902,70.29897153,4.528219752,1.519788194,0
2024-01-24,52.82757639,6.674822688,14.66205674,1.276851064,96.38234043,0.453229933,31.47626806,9.663146528,1.434249306,4.572
2024-01-25,42.54841063,5.760652181,14.62028986,1.666021739,94.90137681,0.277155012,30.67100347,14.64404861,1.504706944,3.302
2024-01-26,70.97106632,4.844714286,14.42164286,2.425685714,95.64864286,-0.026920045,130.1817299,16.26065972,1.721413889,4.826
2024-01-27,100.42301,5.79459854,14.17211679,2.865751825,98.36875912,-0.016093191,76.88542847,11.63433194,1.831438194,17.018
2024-01-28,102.4023632,5.806499993,13.91142857,3.400128571,99.75278571,-0.000509907,40.97124306,6.985920139,2.010263194,18.034
2024-01-29,102.8355806,5.520285714,13.71835714,3.548171429,100.4235714,-0.003740402,139.7169528,4.192829167,5.120454167,0
2024-01-30,100.6860116,6.516338028,13.81260563,3.446478873,97.74387324,-0.004177294,100.150159,2.567610417,1.814881944,0
2024-01-31,98.76536215,6.779716312,13.76163121,3.641992908,98.58078014,-0.004784971,70.12759514,5.392368056,1.245541667,0.762
2024-02-01,102.2804521,6.609999993,13.67014184,3.736276596,99.48170213,-0.004615639,152.876725,7.326225752,1.935434722,0
2024-02-02,103.2610924,6.747338151,13.55460432,4.120143885,100.3823741,0.002879284,124.3535542,9.38058382,2.525679861,0
2024-02-03,102.2026542,7.384142821,13.47714286,4.400585714,99.81635714,0.030551039,158.0436576,4.561291938,1.992970833,0
2024-02-04,99.78826764,7.437625871,13.4923741,4.430618705,99.81093525,0.03349611,155.6335188,4.99715819,1.851456944,0
2024-02-05,101.3569264,8.462323915,13.57042254,4.226091549,99.62915493,0.026531398,159.4848694,6.806188952,1.628858333,0
2024-02-06,102.1046677,8.318500007,13.39185714,4.541814286,100.5891429,0.043383215,166.3320938,4.807739016,1.948865278,0
2024-02-07,102.0043194,8.710791367,13.21280576,4.901467626,101.332518,0.174087022,165.1660972,4.123746273,1.54465625,0
2024-02-08,99.83421403,9.040071421,13.25564286,4.818607143,100.6537857,0.124109791,143.5322556,7.975683406,1.833294444,0
2024-02-09,102.7809576,9.636170227,13.21198582,5.011588652,101.607305,0.097169563,74.88849028,11.70573484,1.624423611,0
2024-02-10,102.8320576,10.26478872,13.06380282,5.711852113,103.7938028,0.127917598,38.81981667,14.11342507,1.567250694,3.302
2024-02-11,100.4828254,9.079361716,13.13014184,5.796390071,101.0797163,0.679607738,35.17238819,11.46068056,1.30268125,12.192
2024-02-12,96.99224931,7.552285714,13.28307143,5.500842857,99.11842857,0.406333615,21.22744236,9.875159722,1.100427083,4.064
2024-02-13,103.4285393,7.609856122,12.92042857,6.0328,101.3217143,0.032017645,180.7087965,7.9067875,3.052448611,18.542
2024-02-14,104.0439583,8.888500014,12.90085714,6.1568,101.1804286,0.028343353,115.553541,7.787056452,1.895625,0
2024-02-15,102.989509,10.0865248,12.93531915,6.192609929,100.880922,0.074607989,152.8320667,8.276556944,1.759911111,0
2024-02-16,102.7934576,9.385704239,12.87950704,6.254309859,100.7130282,0.097067887,97.01146528,8.174000694,0.8195125,0
2024-02-17,103.0442014,8.519290752,12.8712766,6.042702128,100.5974468,0.032345583,187.0947729,2.509941667,2.828461806,0
2024-02-18,102.0269333,8.551347504,12.91496454,5.544595745,99.61021277,0.023845793,171.8380917,1.901965972,2.519997222,0
2024-02-19,99.98913042,8.37056,12.88648,5.501592,98.34184,0.251209927,183.2372792,5.896814129,2.108911111,0
2024-02-20,98.00430569,9.002499986,13.05821429,5.2179,96.34192857,0.104574026,168.5217833,5.047086671,1.412774306,0
2024-02-21,98.15988326,8.734184397,13.05021277,5.214404255,96.72602837,0.062901195,181.3694458,5.983794749,1.052872917,0
2024-02-22,96.76849167,8.892535225,12.99542254,5.33243662,97.48112676,0.138971604,122.1777729,10.46005927,1.630726389,0
2024-02-23,98.94250132,8.488500007,12.67524823,6.302631206,101.0138298,0.184038141,63.90877083,10.42172778,1.592139583,0.508
2024-02-24,99.30797521,8.667021312,12.67056738,6.329468085,100.9829078,0.09653461,65.73079653,6.48476875,2.086594444,0.254
2024-02-25,99.86176278,9.446928571,12.82335714,5.724785714,98.18921429,0.096070623,195.9599417,2.768554167,1.539251389,0
2024-02-26,98.11026667,7.915571436,12.75085714,5.932828571,98.59035714,0.232463991,113.5563569,10.64724514,1.58434375,0.762
2024-02-27,96.16055965,8.156690169,12.83767606,5.89806338,96.39415493,0.196445742,24.59075625,9.652110417,1.652754861,2.286
2024-02-28,96.54973368,9.083237417,12.7065,6.382714286,98.78235714,0.241589526,31.80227569,12.85809444,2.636913889,11.176
2024-02-29,100.9251708,7.639708036,12.53328467,6.51070073,99.24978102,0.057985456,204.6226451,3.051634028,2.127946528,0
2024-03-01,98.82659889,8.494571421,12.61507143,6.37695,97.76864286,0.098361059,90.22401319,3.722041667,1.518011111,8.89
2024-03-02,96.34917097,7.874820151,12.51956835,6.670482014,98.60784173,0.930679933,198.8027674,9.946775,1.064433333,7.366
2024-03-03,94.99361688,7.869361702,12.62964539,6.577716312,98.20865248,1.233161148,80.76125139,10.16570486,0.4331125,0
2024-03-04,92.77686958,8.242499993,12.632,6.794642857,98.63842857,1.671009479,143.6460333,13.02217222,0.707975,0
2024-03-05,91.86192785,8.890071921,12.49561151,7.972510777,104.9099213,3.80869407,184.341609,15.25842778,1.42368125,0
2024-03-06,92.06351632,12.77021276,12.46900709,8.669375872,108.2109929,4.447935911,48.866225,13.2270625,0.954920833,6.858
2024-03-07,87.42939944,6.411773043,12.04758865,10.89588652,111.2729078,9.489007897,171.72855,14.98105556,1.258884028,0.254
2024-03-08,84.36797618,16.53064283,12.5,9.371042864,109.3915714,5.708526303,95.98998542,12.41395833,1.448641667,1.016
2024-03-09,82.39372569,16.42007142,12.46021429,9.281178564,107.1369286,4.732680755,46.50426319,8.381997917,1.48526875,16.256
2024-03-10,86.10629757,6.738368816,11.97609929,10.02117735,104.2090071,1.942038792,201.3706868,5.448960417,2.783405556,0
2024-03-11,99.94696083,6.989640273,11.95805755,8.644366871,100.5569065,0.203095596,233.8870743,6.550768056,2.791626389,0
2024-03-12,98.91173132,7.066312064,11.97333333,8.699687957,101.4056738,0.807705099,232.2292069,13.04944276,3.012300694,0
2024-03-13,94.45054438,7.595886553,11.88780142,9.332496426,103.5102837,2.993871756,220.7414458,14.77949236,2.378510417,0
2024-03-14,88.90762444,8.518571436,11.94042857,9.997207114,106.4984286,4.864526774,217.2765903,17.15062823,1.843375,0
2024-03-15,85.75153764,11.2271831,11.8793662,11.38210563,110.6683099,7.98445049,67.49519653,18.66073157,1.815476389,0.254
2024-03-16,81.05070063,13.31503599,11.95834532,11.71784173,110.3098561,9.985501867,242.4372014,15.41236461,2.046145833,0
2024-03-17,80.50703014,10.10035714,11.71106383,12.34375177,109.9702837,10.51760794,176.5692438,16.91586719,2.634677083,0
2024-03-18,77.3327884,10.91449997,11.7615,11.38352143,106.4147143,5.557703129,189.209509,5.681477778,2.841123611,0
2024-03-19,76.15153785,11.09042857,11.82489362,10.30390071,103.7066667,2.875792937,250.0509243,5.352624179,2.241572222,0
2024-03-20,77.70779264,11.44457144,11.8458156,9.833368752,102.5744681,0.564882929,219.6461049,14.29390789,2.502214583,0
2024-03-21,77.06276688,12.98914287,11.79429577,10.08958453,103.1219718,2.138197856,249.1387424,9.607272306,2.090140972,0
2024-03-22,76.87587688,14.11035716,12.04092199,9.507829809,100.1414894,1.305124583,139.9183736,8.640384028,1.468791667,6.096
2024-03-23,84.10102194,14.72142858,11.90035714,9.893457136,103.5325,0.331519504,153.5602389,9.986319444,4.65088125,17.272
2024-03-24,97.20418097,16.43971631,11.98985816,9.413148915,100.9511348,0.70599957,259.2182354,5.566204167,2.253579861,0
2024-03-25,88.51062896,16.09907143,12.14156028,9.294446745,101.9458865,0.881066348,251.5722542,7.098909028,1.425946528,0
2024-03-26,83.56452215,16.6784058,12.19635714,9.431149993,101.9462143,1.074733915,68.40230556,6.993688889,0.776996528,2.032
2024-03-27,68.54122938,17.69414286,12.21035714,9.566771414,103.3597857,1.351687,62.54557014,9.217580556,0.524488889,3.81
2024-03-28,88.4583625,15.63842856,12.10439716,10.14009928,105.8901418,0.429571698,257.8816826,10.38525694,2.528221528,0
2024-03-29,101.1561967,14.63499996,12.00607143,10.21235718,103.6077143,0.065709548,238.2823139,13.61164167,2.09316875,0
2024-03-30,96.97865826,13.31123188,11.98628571,10.90271429,105.0946429,2.35727902,217.0289528,16.82996248,1.584497222,0
2024-03-31,83.86786931,15.22755398,12.0094964,11.65515108,106.8530216,5.827185822,135.9602951,17.58168056,1.771647917,3.556
2024-04-01,69.44958944,16.45679688,11.933125,12.53022656,111.6868103,8.996712727,181.1270201,19.27804043,1.539422222,3.556
2024-04-02,67.72976382,,,,,9.10692422,106.8759035,16.99136806,0.9043875,0
2024-04-03,63.27975167,,,,,12.2032173,162.8280278,13.84508403,1.300261111,25.146
2024-04-04,54.57072132,,,,,10.16107357,198.9352056,6.569347917,2.105282639,0.254
2024-04-05,49.88058424,7.295487817,12.03390244,11.87989024,106.448,3.617521075,186.6931514,5.780069444,2.696022917,0
2024-04-06,47.59990542,6.013475177,12.21468085,11.31370213,104.2105674,1.116793383,256.0866021,6.502127083,3.705820833,0
2024-04-07,37.63953778,6.29107145,12.29678571,11.42299286,105.0094286,3.713800484,284.4377153,10.40305694,2.224582639,0
2024-04-08,41.13563632,9.396785736,12.59778571,11.50372857,108.967,4.702568465,96.96546111,13.1564469,1.454071528,0
2024-04-09,34.03799403,4.730999993,12.36392857,12.52867857,112.9357143,7.230865399,82.88594583,15.69939034,1.591054167,0.508
2024-04-10,28.50044611,8.448581546,13.05780142,12.31305674,114.7802837,6.716675832,129.3407264,16.46933333,1.554970139,0
2024-04-11,32.3356384,12.55750004,13.02071429,12.02503571,110.4182143,5.901213612,19.73813611,16.80902778,3.072486111,33.274
2024-04-12,48.98679521,7.227801447,12.50014184,12.8584539,107.6905674,5.020895338,143.4106403,12.776125,3.220266667,0.508
2024-04-13,59.0304525,5.955362319,12.50601449,12.25913043,104.7762319,1.363317606,287.5974125,14.29709722,2.337255556,0
2024-04-14,58.26983514,5.336231884,12.39065217,13.22228986,108.4664493,6.53158819,279.4816424,19.92478247,2.256858333,0
2024-04-15,53.39662764,5.028169021,12.41422535,14.27129577,112.5485915,13.13488126,271.4863257,24.44572553,2.064781944,0
2024-04-16,42.33541826,5.981798561,12.96985612,14.39888489,116.9054676,13.73203491,217.7886243,20.57554877,1.576048611,0
2024-04-17,29.47041028,7.057194252,13.03208633,15.27494964,119.5038849,16.60096094,133.1083083,20.85607158,1.514121528,0
2024-04-18,16.05882301,4.821985816,12.09283688,17.43858865,118.6661702,24.62873965,290.940184,22.04195905,2.370043056,0
2024-04-19,4.649648597,7.076028362,13.19943262,16.04846099,119.4926241,19.59503039,136.2505458,16.29717002,1.287154861,0.508
2024-04-20,0.280664549,5.714184397,12.15808511,17.54165957,115.4225532,25.89126579,212.83025,16.32677083,2.086392361,0
2024-04-21,0,7.685602837,12.75397163,16.28285106,114.5229078,19.82813392,102.6113771,9.564622222,2.035703472,0.254
2024-04-22,0,7.27107145,12.814,15.48732143,113.3132857,16.44262869,308.4631299,9.367357639,2.838148611,0
2024-04-23,0,7.282624092,13.13283688,15.28890071,115.0692199,15.705211,304.6034028,13.69669931,1.939427778,0
2024-04-24,0,6.327304957,12.61815603,16.30592199,115.8907092,19.54166275,227.5706688,17.01049598,2.092744444,0
2024-04-25,0,7.644680865,13.07241135,15.89441844,114.6921277,18.05934062,307.4157972,14.81327083,1.806715278,0
2024-04-26,0,8.759857179,13.57671429,15.32273571,114.0717857,15.35964523,157.5462069,12.83765278,1.375621528,0
2024-04-27,0,8.906337979,13.52112676,15.6428662,114.8809155,16.91408447,250.6902583,15.74392361,1.609702083,0
2024-04-28,0,6.821666688,13.32949275,16.87905072,119.1134783,23.60371643,291.8405653,20.3225,1.503018056,0
2024-04-29,0,6.85439717,13.60446809,17.99403546,122.5274468,29.9253295,297.0940528,21.96501389,1.721871528,0
2024-04-30,0,9.026834568,14.24345324,18.45261871,125.1382014,33.22580878,154.5096736,19.36338374,1.388465972,1.524
2024-05-01,0,6.353785714,13.601,19.48633571,121.9126429,40.40783199,305.772309,20.15224306,2.130213889,0.254
2024-05-02,0,7.993028169,14.83922535,19.84226056,129.544507,40.84877338,308.9018104,22.30874306,1.821426389,0
2024-05-03,0,10.04187052,16.31841727,19.93742446,137.241223,43.95528592,204.7812389,23.13576432,1.544890278,0
2024-05-04,0,10.42099999,17.19057143,19.0226,134.4443571,35.17724387,38.61745208,14.632875,1.214603472,4.826
2024-05-05,0,11.34099289,15.35007092,19.07259574,120.0544681,34.12778005,98.70446944,15.95024306,0.798082639,3.048
2024-05-06,0,13.40282442,14.90450382,19.46372519,114.9339091,36.55932232,138.0292264,19.89283333,1.0296375,19.304
2024-05-07,0,13.39170212,14.53737589,20.12242553,111.9156028,41.51142735,246.1879188,21.2158125,1.912958333,0.762
2024-05-08,0,13.71814286,14.71857143,21.14615714,115.9126429,47.56414607,186.363275,23.06208169,1.483298611,0
2024-05-09,0,14.97319149,15.14992908,21.12424823,117.0322695,46.61063664,196.8463312,20.88246103,1.388956944,0.508
2024-05-10,0,13.51628571,14.00021429,21.11823571,110.0090714,45.58993852,192.2621333,18.23766667,2.406788889,0
2024-05-11,0,14.57521431,13.90492857,20.14754286,107.6371429,39.37565825,229.6371458,14.63033503,1.814880556,1.27
2024-05-12,0,13.99194244,14.04956835,19.98411511,110.7682014,38.54213418,323.6444292,15.76758108,1.783227083,0.254
2024-05-13,0,16.77892857,14.55342857,19.58691429,112.0162857,36.39941959,255.7814167,17.65901439,1.715415278,0
2024-05-14,0,17.52499999,15.5028169,18.90752817,104.1964085,33.35709624,26.83508611,17.22342361,1.431097222,13.97
2024-05-15,0,20.00785714,15.10907143,18.81365714,105.9845,32.56835038,126.8080576,18.45594373,0.921148611,11.43
2024-05-16,0,17.0187143,14.82114286,19.51331429,112.7404286,41.32923911,242.9839972,20.51536806,1.350291667,3.556
2024-05-17,0,20.6235461,16.04248227,19.40144681,115.7426241,37.03124686,101.8987451,18.94384722,1.1171125,8.89
2024-05-18,0,20.51148936,16.19056738,19.3428156,111.607234,35.41776239,135.2559021,18.48240972,1.42674375,14.224
2024-05-19,0,21.04929078,15.63028369,20.01053191,116.8801418,38.79683115,232.0044014,18.51515972,1.115941667,0
2024-05-20,0,20.7147482,15.40920863,20.73457554,122.5890647,44.15564248,268.9551153,20.29901389,0.989420833,0
2024-05-21,0,19.5935,16.65492857,21.00619286,130.9145,48.38948994,322.6546035,21.86892712,1.232733333,0
2024-05-22,0,18.73744681,16.97943262,21.55539716,135.7685816,54.3098727,262.2976722,23.13238273,1.410147917,1.524
2024-05-23,0,18.16574468,16.01326241,23.00934752,136.1268794,59.54911507,214.4310153,23.34922082,1.330815278,9.398
2024-05-24,0,18.97192857,17.70671429,22.59751429,144.6470714,60.64355314,255.504425,22.52708285,1.870249306,0
2024-05-25,0,17.36521127,18.89190141,22.59451408,155.2675352,61.38920453,228.0199688,22.38584502,1.514183333,5.08
2024-05-26,0,17.50214286,15.70528571,23.6279,136.6177857,61.29744486,268.5350021,23.07786626,2.074130556,18.542
2024-05-27,0,20.24432623,15.02524823,23.73956028,126.1541844,62.7735364,255.162516,22.87128695,1.437414583,0.508
2024-05-28,0,18.5315,13.34028571,24.47880714,123.5242857,64.59629284,238.572925,22.09599726,1.593642361,0
2024-05-29,0,17.75546764,12.80179856,24.28660432,121.7983453,64.43976877,309.2723069,21.60814816,1.9857625,0
2024-05-30,0,16.46226951,12.62163121,23.43385816,114.5402128,59.12737007,302.7614583,20.22666584,2.113586806,0
2024-05-31,0,19.26183099,13.38802817,22.02537324,108.4110563,52.24074819,344.5882632,17.74398862,2.182511806,0
2024-06-01,0,20.66685714,13.99971429,21.6943,109.5595,49.92067367,303.3802618,19.66299597,1.570775694,0
2024-06-02,0,17.27864287,14.305,21.6771,107.806,48.35623567,114.3843972,20.55740568,1.090978472,0
2024-06-03,0,19.58635714,13.87978571,21.87482857,111.8182857,52.78201581,228.1551743,22.21204403,1.208940972,0
2024-06-04,0,17.2885,14.66414286,21.86940714,110.4432857,53.59451369,217.2442451,20.74942361,1.046650694,4.572
2024-06-05,0,16.38921986,14.95588652,22.04917021,113.1823404,53.7851179,186.0957319,21.17940278,1.182790972,1.016
2024-06-06,0,14.91707142,14.75428571,22.65437143,108.955,61.9456574,183.3738875,21.88876389,1.291629167,0.254
2024-06-07,0,16.40723406,12.69957447,24.98410638,123.729078,67.34683378,340.7842132,21.94438194,1.901888194,0
2024-06-08,0,11.50435713,14.12092857,23.60247143,106.4903571,65.2094938,314.1673035,20.354375,1.701492361,0
2024-06-09,0,10.54014183,13.21262411,24.5307305,114.346383,66.8846402,253.1502687,22.27754167,1.961145139,0
2024-06-10,0,8.357943262,13.31631206,24.01116312,107.7406383,62.56885849,191.0494604,19.03905556,1.791851389,0
2024-06-11,0,5.159219858,13.76900709,23.19211348,103.0409929,61.40256643,305.3737549,17.60011806,2.158352083,0
2024-06-12,0,5.656808518,14.79602837,22.76746099,103.5670213,56.99775351,280.5288083,19.66815278,1.211148611,0
2024-06-13,0,8.326879461,15.26631206,22.8761773,106.8877305,59.78090824,205.2840882,21.73348611,1.049242361,0
2024-06-14,0,5.331560291,14.80907801,23.70952482,113.7457447,67.9008799,241.9912681,23.07484028,1.84740625,0
2024-06-15,0,6.408156035,16.24262411,23.29664539,109.0680851,70.7676758,340.2099285,22.81709028,2.054583333,0
2024-06-16,0,6.48631205,16.56496454,23.55380851,121.3831206,64.81407469,232.849459,22.340375,1.245172917,0
2024-06-17,0,9.91542855,16.52871429,23.81270714,123.1861719,68.0222795,266.6179667,23.56894444,0.915361806,15.748
2024-06-18,0,9.444184397,17.01234043,23.9487234,116.4097872,70.80848852,261.0828847,23.45583333,1.216107639,0
2024-06-19,0,7.739637696,16.98586957,24.10200725,108.137029,74.65057016,273.3905132,22.36277083,1.109477083,0
2024-06-20,0,5.09,17.58007143,24.24837143,103.4087143,77.21968995,273.1879194,22.05311111,1.251752083,0
2024-06-21,0,3.469787234,17.59758865,24.41917021,89.25192857,79.75703681,317.1790417,23.901375,1.30524375,0
2024-06-22,0,3.019219858,17.42992908,24.58797163,88.2948227,81.29231723,327.6854181,25.68554167,1.479389583,0
2024-06-23,0,3.59,17.08804348,24.93615217,83.69463768,89.41121798,248.9559125,26.91154167,1.508272917,0
2024-06-24,0,2.943214286,14.24435714,26.82476429,110.0375714,88.66046231,310.7452264,25.45660417,2.561327778,0
2024-06-25,0,3.830217391,16.06086957,25.2489058,67.64050725,79.92714703,286.6949764,22.74467361,1.510267361,0
2024-06-26,0,3.800921986,14.82624113,26.23340426,100.0323404,85.93343759,274.4777042,25.76230556,2.639603472,4.572
2024-06-27,0,3.671571429,15.10978571,26.09555714,71.2315,84.41653928,243.3991465,22.53485417,1.980085417,0.762
2024-06-28,0,2.307676056,16.39978873,25.34165493,37.11316901,77.44594784,252.0513875,23.32024306,1.268833333,0
2024-06-29,0,2.576453901,16.58446809,25.65762411,39.52120567,78.37796446,221.1139875,24.7941875,1.375770833,0
2024-06-30,0,2.214785714,16.39114286,26.77737143,49.90192857,89.55687389,194.3771847,26.78084028,1.639201389,0
2024-07-01,0,2.409927536,16.46130435,27.0417029,56.04855072,89.1232424,343.7233979,22.26085417,2.691567361,0
2024-07-02,0,2.665390071,17.07985816,26.06931915,46.24347518,79.56119969,338.0703646,19.87590972,1.351688889,0
2024-07-03,0,4.312230216,17.37539568,26.12892086,54.78913669,80.0708496,282.8248542,23.08630556,1.161488194,0
2024-07-04,0,5.390352106,17.85859155,26.82085211,68.26528169,86.75178751,172.4241764,23.67292361,1.392465972,13.97
2024-07-05,0,7.430642843,17.97621429,26.94275714,70.84607143,88.85690872,213.3209583,24.75421528,1.598405556,6.096
2024-07-06,0,9.189787227,17.69021277,27.11735461,82.23191489,93.71818772,278.3160736,24.94095833,2.199430556,0
2024-07-07,0,8.663285664,18.63542857,27.07497143,85.76735714,91.28306927,214.611775,24.38877778,1.454876389,0
2024-07-08,0,12.38212765,18.2935461,27.43585816,99.86907801,91.72122956,255.1493819,25.42907639,1.126311111,0
2024-07-09,0,12.29000002,19.10697183,27.58671127,95.42711268,96.45693698,204.0982417,26.14139583,0.893499306,0
2024-07-10,0,13.29035971,19.27374101,27.98274101,94.67841727,96.73663301,243.1472146,26.75524306,2.372302083,0
2024-07-11,0,13.54425532,17.9287234,27.03685816,108.5739007,90.21263107,330.8852306,23.60148611,3.070734722,0
2024-07-12,0,15.811,19.20585714,26.7877,111.8852143,85.37914261,162.2369417,23.06814583,1.1103375,0
2024-07-13,0,14.5893617,18.93361702,26.98815603,120.6360993,89.01159314,294.1210472,25.04553472,1.340618056,0
2024-07-14,0,15.37319149,18.45843972,27.91878723,128.1243262,97.81195859,273.5953431,26.05601389,2.221763194,0
2024-07-15,0,14.35978723,18.3493617,28.16078014,127.3597163,100.9609547,301.8874174,26.9156875,2.139522222,0
2024-07-16,0,12.94148937,17.76539007,28.61521277,125.8812057,100.5024734,270.3802083,27.06787936,2.095940278,0.508
2024-07-17,0,12.92134754,17.14489362,28.50063121,123.4104965,100.5018256,239.4457368,25.46322917,1.853561111,4.318
2024-07-18,0,14.40771429,16.61121429,28.50762857,122.2549286,97.45800536,185.6267333,22.96615278,1.675711111,8.636
2024-07-19,0,16.52071942,17.16992857,27.8663,119.0167857,91.48945434,255.0202333,22.82403472,1.334889583,0
2024-07-20,0,19.72,17.15907801,27.39014894,116.3429787,88.19787526,119.3945847,21.74325,0.586254861,9.652
2024-07-21,0,20.45900709,17.10177305,27.08489362,121.8387234,87.94509425,239.6604382,22.96902778,0.964161111,0
2024-07-22,0,23.83184397,17.32638298,26.80313475,117.9426241,84.22042227,157.308825,21.99258333,0.767159028,8.382
2024-07-23,0,23.30312057,17.07978723,26.64902128,123.4732624,82.47146423,183.8595097,23.13402083,0.572970139,3.81
2024-07-24,0,23.52078571,16.46685714,26.84550714,122.1534286,82.94587014,141.5890611,22.44388889,0.110995139,16.51
2024-07-25,0,23.6985,16.46707143,26.70066429,117.8369286,83.47928286,155.4314521,22.72888889,0.1426375,2.794
2024-07-26,0,22.33191489,16.77723404,26.58424113,114.4839716,80.59172003,191.7722514,22.18560417,0.171504167,0.762
2024-07-27,0,21.10198582,16.98914894,26.22956028,110.5225532,78.20348339,199.71985,21.84868056,0.138386806,0.254
2024-07-28,0,19.86042553,16.6235461,26.39383688,115.7132624,81.84222082,266.5017125,22.73936111,0.490604167,0.254
2024-07-29,0,18.64211679,16.46116788,26.41716058,109.6592857,64.91876456,116.8770917,22.52196528,0.721445833,0
2024-07-30,0,14.55935714,16.36407143,26.26735714,103.9315,80.41632615,185.7259556,23.14486806,0.427410417,5.842
2024-07-31,0,11.37185716,15.88357143,26.56746429,104.1901429,85.70012004,280.9503736,24.30977778,1.590043056,2.54
2024-08-01,0,10.93921426,15.85164286,27.19344286,105.8293571,92.27138826,255.4821743,25.76445833,1.01583125,0.254
2024-08-02,0,11.54553955,15.7623741,27.4522518,106.2053957,89.52796692,190.2614021,24.31497222,0.641203472,18.034
2024-08-03,0,12.38723405,15.82695035,27.20377305,105.4089362,87.22014825,223.1775972,23.26295139,0.766411111,5.334
2024-08-04,0,14.43319149,15.7277305,27.08165957,110.4982979,67.94738174,239.5596229,23.37797917,0.82703125,0
2024-08-05,0,17.38574468,16.36177305,27.26649645,116.5950355,68.23747247,272.6596771,24.30581944,0.6653125,0
2024-08-06,0,20.73776978,16.94532374,27.4161223,123.0293525,69.28401259,215.4272958,23.90947917,1.032125694,0
2024-08-07,0,19.60921986,16.85780142,27.39889362,121.8601418,69.15282681,216.8401431,23.72386111,0.685845833,1.27
2024-08-08,0,20.5385,16.17521429,26.28444286,88.42878571,63.48580399,31.25203472,21.67064583,1.731697222,11.43
2024-08-09,0,18.82835714,15.30357143,25.74711429,96.72707143,77.90001948,266.2354035,23.74598611,0.54314375,27.432
2024-08-10,0,21.02985816,15.52546099,26.281,110.2046809,82.00406753,249.4685132,22.92972917,0.366520833,15.748
2024-08-11,0,22.16042857,16.10064286,26.20149286,120.4422857,82.62635752,289.4425729,21.14290278,1.046915278,6.604
2024-08-12,0,24.25687943,17.10382979,26.10934043,122.8170922,79.0573224,219.519275,19.64663194,1.478445833,2.54
2024-08-13,0,22.44330935,16.13417266,25.73386331,124.0907914,72.0503226,201.6564389,20.33997222,0.404481944,0.254
2024-08-14,0,19.77378571,16.11178571,25.53810714,128.8077857,74.47707386,293.4163319,20.90895833,0.675492361,0
2024-08-15,0,19.50035461,16.39992908,25.73921277,133.7489362,73.48832386,258.5017597,21.16788194,0.232272222,0
2024-08-16,0,24.40582734,16.84467626,25.59820863,128.5389209,70.79825246,95.71205486,21.24822917,0.167681944,6.858
2024-08-17,0,20.16326087,15.77956522,25.5090942,127.2563768,71.48957128,190.6601063,22.543,0.247053472,8.89
2024-08-18,0,18.98248227,14.83312057,25.89268085,125.2899291,73.51698216,214.64505,22.58401389,0.443090972,0
2024-08-19,0,18.11021429,14.09192857,26.05758571,123.0822143,72.61500359,231.2258438,22.08884722,1.415899306,0
2024-08-20,0,17.11326241,14.35014184,25.17239007,111.3369504,65.60605678,255.1548313,17.62329167,1.855045139,0
2024-08-21,0,17.17905797,14.68289855,24.28575362,104.6673188,60.74665748,286.3742854,15.00297917,0.55225625,0
2024-08-22,0,17.69342857,14.92821429,23.86961429,109.9881429,58.29525983,277.4582618,16.24032639,0.908553472,0
2024-08-23,0,18.33829787,14.96241135,23.86921277,115.4093617,57.26570947,281.7291757,18.17195833,0.427145833,0
2024-08-24,0,17.70859155,14.93852113,24.03569718,121.8927465,58.42195196,267.200166,19.87478472,1.198085417,0
2024-08-25,0,17.89453901,14.75964539,24.38662411,125.9246099,63.69107054,260.6582993,21.38024306,1.234309028,0
2024-08-26,0,18.706,14.50242857,24.93876429,130.1718571,68.91016868,249.3997292,23.07354167,1.530640972,0
2024-08-27,0,17.23007194,14.02201439,25.65041727,132.7691367,73.33570964,246.4973743,24.57754861,1.4533,0
2024-08-28,0,15.04744681,13.85914894,26.08284397,130.9878723,58.40852396,255.8698778,25.82044444,1.678815278,0
2024-08-29,0,12.88936172,13.85553191,26.59507092,129.5171631,61.20907541,239.8342104,25.83131944,2.235611111,0
2024-08-30,0,10.93863307,15.06640288,26.40333094,129.5507914,60.60537916,223.0109493,23.72590972,1.182004167,0
2024-08-31,0,8.289214321,14.08471429,26.62012143,117.2076429,61.81631872,149.9714222,21.7410625,1.387971528,20.828
2024-09-01,0,8.046028348,12.99971631,26.46978014,110.8422695,61.75955803,148.4876444,22.48817361,1.802825694,0
2024-09-02,0,8.770571407,13.25157143,26.13027857,109.8968571,60.52102191,216.3444181,21.53515972,2.591194444,0
2024-09-03,0,8.734822688,13.85553191,25.24739716,107.3678723,55.36825683,255.7117333,16.21570833,1.356077083,0
2024-09-04,0,9.2113571,14.25114286,24.1799,102.0077143,50.03590454,248.4253146,16.32894444,1.385834722,0
2024-09-05,0,9.839077993,14.11851064,23.57636879,97.55099291,46.61880069,213.1464979,17.11477778,1.185465278,0
2024-09-06,0,8.821702149,14.22028369,23.31336879,99.8470922,44.90889172,261.8428854,17.63495139,1.304855556,0
2024-09-07,0,7.714468121,13.76141844,23.4242766,101.1539007,44.90521933,204.1861611,18.31447917,2.779070833,0
2024-09-08,0,7.4627143,13.48621429,22.31868571,94.286,38.96101875,265.5578618,14.54945833,2.355713889,0
2024-09-09,0,6.645390078,13.91780142,21.84339007,92.46680851,36.20192376,239.0555583,14.83164583,2.146157639,0
2024-09-10,0,5.883309873,14.12528169,21.79884507,95.31683099,35.90362737,253.4206056,16.88613889,2.014866667,0
2024-09-11,0,4.665071429,14.27707143,21.87010714,97.94585714,36.21504625,246.905084,17.48222222,1.698432639,0
2024-09-12,0,4.544130435,14.16362319,21.9976087,99.46311594,36.5163078,221.6970507,18.21503472,1.514534722,0
2024-09-13,0,4.664028777,14.23294964,21.79079856,96.83798561,35.21939094,100.8214535,19.76003472,1.825269444,0
2024-09-14,0,4.708156035,14.25120567,21.57046099,95.2529078,34.00183692,196.9134264,20.49456944,1.885748611,0
2024-09-15,0,4.015390071,14.14234043,21.48596454,96.76673759,33.40939987,220.0856576,19.46340278,1.601351389,0
2024-09-16,0,3.875390071,14.01503546,21.4023617,99.76106383,32.87181018,102.1844222,16.77410417,1.553630556,1.27
2024-09-17,0,6.129784158,13.96294964,20.90942446,83.94438849,30.24381892,103.4527472,19.01479861,3.475308333,6.604
2024-09-18,0,5.803120567,13.80163121,20.83243972,84.55368794,29.90925781,92.82401042,19.67214583,1.001253472,4.572
2024-09-19,0,3.305035971,13.87007194,21.18428777,95.33913669,31.51808471,138.3454632,19.52704167,0.270371528,5.588
2024-09-20,0,3.426170213,13.78865248,21.41768794,98.36787234,32.55036459,148.907191,19.82234722,0.642947222,1.27
2024-09-21,0,2.762183099,13.66408451,21.73628873,101.4887324,34.02490272,184.7821715,20.50620833,0.75879375,3.048
2024-09-22,0,2.815744681,13.8364539,22.13653901,102.0871631,35.78928348,211.3788451,21.12588194,1.472374306,0
2024-09-23,0,3.576086957,13.84362319,22.22431884,99.64942029,35.81623441,53.42336181,19.74909028,0.199451389,1.27
2024-09-24,0,4.506785714,14.14407143,21.85215,93.51907143,34.3963628,94.16755278,18.78311111,0.219892361,4.826
2024-09-25,0,4.733165468,14.02971223,21.41892086,90.07309353,32.42346612,73.11040417,19.47383333,0.084177083,12.446
2024-09-26,0,4.255652167,14.22028986,21.26168116,76.89398551,31.26614353,50.50413542,20.99072222,0.205251389,10.668
2024-09-27,0,6.899148915,14.39288732,20.83664085,48.31316901,30.97251609,31.99749583,20.90238889,1.673020139,9.144
2024-09-28,0,4.32070922,14.02673759,20.89448936,79.91666667,31.2529686,102.2138222,18.16885417,0.871109722,8.128
2024-09-29,0,3.086241135,14.58553191,20.88346099,79.05347518,30.2917294,78.30390208,19.35314583,0.469190278,3.81
2024-09-30,0,3.755571429,15.01528571,20.77155,75.14485714,29.34834686,53.54650764,18.92888194,0.056657639,3.81
2024-10-01,0,3.868357143,15.03528571,20.90221429,81.53442857,30.12681561,149.580134,18.60045139,0.963929861,3.048
2024-10-02,0,4.476267592,15.04091549,21.15467606,90.17788732,33.2617743,156.554475,19.60957639,0.418300694,2.54
2024-10-03,0,8.095507261,15.38978417,21.16805755,92.07568345,32.2271024,121.2829972,19.43450694,0.844129861,2.286
2024-10-04,0,7.998920849,15.44294964,21.40974101,97.89906475,33.14707884,78.68490139,19.73785417,0.808422917,1.778
2024-10-05,0,4.93794327,15.12411348,21.60568085,102.7549645,35.9008025,199.3606951,18.69857639,0.709125694,1.524
2024-10-06,0,4.022907801,15.11524823,21.51270213,101.0580142,34.14885725,170.0912347,17.98081944,0.706675,0.762
2024-10-07,0,3.17035461,14.79368794,21.44391489,97.23134752,32.52043318,206.6051576,18.32159028,1.5438125,
2024-10-08,0,3.358732394,14.8206338,20.89819014,83.78098592,30.68527376,200.9777285,12.86130556,1.312397222,0
2024-10-09,0,3.249929078,14.7406383,20.53696454,79.0141844,27.70544447,197.5703847,14.03081667,1.768142361,0
2024-10-10,0,3.0795,14.77642857,19.9274,75.75892857,24.89370629,199.4625451,11.71483472,1.465466667,0
2024-10-11,0,3.168723404,14.74113475,19.35941135,71.27893617,22.34272111,199.0849549,11.60611528,1.846232639,0
2024-10-12,0,2.960780142,14.61439716,18.87614184,73.93212766,18.98269244,185.927184,15.47991667,2.593284722,0
2024-10-13,0,3.502978723,14.57319149,18.47053191,72.45163121,17.32907813,169.5327792,18.33979648,1.716898611,0
2024-10-14,0,3.346338028,14.4171831,18.03421831,77.56894366,12.11804261,173.6966542,14.37693056,2.222727083,0
2024-10-15,0,4.057304957,14.10992908,16.91469504,75.17865248,8.571424367,44.68534028,8.260584028,1.559922917,1.27
2024-10-16,0,3.624326241,13.53347518,16.00075177,73.41255319,6.363778936,180.1040153,7.619822917,3.462428472,0
2024-10-17,0,3.606571429,12.96028571,15.55853571,72.97107143,5.928934905,184.9665625,8.624397917,2.891495139,0
2024-10-18,0,3.214460432,12.63273381,15.33556115,69.78748201,6.420392231,178.8736694,9.653677778,2.24373125,0
2024-10-19,0,3.11584507,12.83007042,15.02667606,69.20830986,6.086105233,174.8108097,10.55371875,1.816722917,0
2024-10-20,0,2.464964539,12.89624113,15.27497163,72.80007092,7.265951729,174.5077201,12.82643472,1.953695139,0
2024-10-21,0,2.952086331,13.08115108,15.27294964,75.55071942,7.478993042,170.8240083,14.08014583,2.282860417,0
2024-10-22,0,3.789503546,13.22468085,15.18542553,79.40326241,6.658164905,172.3806535,14.16038194,1.921726389,0
2024-10-23,0,3.607214286,13.2395,15.43154286,82.9635,7.880810353,165.4953757,15.5606875,1.854245139,0
2024-10-24,0,3.376808511,13.25574468,16.03212766,90.4970922,9.858724414,169.0547382,14.83383333,2.024520139,0
2024-10-25,0,4.714964539,13.43858156,15.3863617,86.39184397,7.129583119,163.1717201,12.81803282,1.482945139,0
2024-10-26,0,4.010638298,13.41148936,15.83710638,93.20914894,8.44167476,126.0099993,15.95055556,2.141177778,0
2024-10-27,0,5.71070922,13.49503546,15.14799291,83.21730496,5.870419515,99.09418958,8.803580556,1.157453472,0
2024-10-28,0,5.99893617,13.38716312,14.53568085,74.86148936,3.768513814,164.32365,9.6234,1.347920139,0
2024-10-29,0,5.690367662,13.42095588,14.5915,81.49860294,4.313117247,151.8765382,13.08143889,0.980303472,
2024-10-30,0,5.985390057,13.48496454,14.73430496,87.60702128,4.956998504,131.1144569,15.58822222,1.415050694,0
2024-10-31,0,6.404577472,13.52042254,15.02973944,92.25380282,6.538442728,157.7376785,17.40947222,1.651576389,0
2024-11-01,0,4.991560284,13.38241135,15.98053191,99.74085106,10.04309925,86.91208194,17.73371528,1.798360417,0
2024-11-02,0,6.823381281,13.47510791,15.35661871,94.63467626,7.208071877,161.3634285,13.33454167,2.133507639,0
2024-11-03,0,7.372482291,13.49539007,14.78020567,90.08971631,4.867188651,155.1401979,10.88355139,1.176445833,0
2024-11-04,0,7.040642829,13.39278571,14.39426429,82.43107143,3.313844962,83.59237917,10.13419236,0.916116667,0
2024-11-05,0,7.792042254,13.46140845,14.4199507,84.63838028,3.290407949,58.48754514,15.04561111,1.025077083,0.762
2024-11-06,0,8.07785715,13.4955,14.78745714,88.97828571,5.183318038,126.9650007,19.00775,1.475566667,0
2024-11-07,0,7.909219872,13.4477305,15.63199291,94.99794326,12.00601411,101.5863403,20.58177778,1.663102083,0
2024-11-08,0,7.114539043,13.40957447,16.53367376,99.47333333,15.13991122,148.7059181,18.0973125,1.854944444,0
2024-11-09,0,9.070283709,13.51439716,15.48504255,92.10843972,8.015874288,145.4584139,11.77084722,1.602347222,0
2024-11-10,0,7.282765965,13.65333333,14.55334043,84.83843972,3.905376664,56.30040972,9.83851875,1.564865972,6.096
2024-11-11,0,5.787446809,13.5758156,14.62904965,80.60163121,3.276540228,123.3125972,16.37529861,1.688676389,0.254
2024-11-12,0,6.202411348,13.30113475,14.46506383,81.45617021,2.923187297,146.2776493,11.39316597,2.042543056,0
2024-11-13,0,5.899361702,12.80375887,13.84039007,68.47758865,1.926634885,139.6205931,4.699489583,0.999231944,0
2024-11-14,0,5.103928571,11.80892857,13.08202857,61.17821429,0.804600571,13.35974514,4.52663125,1.099480556,20.32
2024-11-15,0,4.492269504,11.76326241,12.75982979,67.15042553,0.423332082,125.9000639,9.549331944,3.296058333,0.254
2024-11-16,50.83151774,5.146571429,11.37592857,12.48142857,72.20407143,0.439983409,140.4032278,9.582756944,2.970964583,0
2024-11-17,60.534115,5.035107914,11.44848921,12.34873381,67.59640288,1.414877613,128.3309229,8.903963011,1.833993056,0
2024-11-18,58.38697417,4.652411348,11.81390071,12.32461702,68.72460993,1.38673687,117.1787694,14.45609722,2.253129861,0
2024-11-19,47.82250504,4.868129489,12.0923741,12.27772662,64.17220472,1.682519627,79.20377917,13.36534028,1.362479861,3.81
2024-11-20,46.62045271,4.698776978,12.36043165,12.50861871,69.37510791,2.075953754,69.54442569,13.59683056,2.056163889,4.572
2024-11-21,71.60683465,4.459071443,12.82771429,11.70399286,73.882,0.037392301,61.80679167,4.177347917,1.867220139,0
2024-11-22,73.36929097,3.707446809,13.15602837,10.72465248,75.46319149,-0.00506838,82.11159167,2.152590278,2.545038194,0
2024-11-23,77.37052424,3.757730496,13.43666667,9.948616972,79.74716312,-0.001689477,78.90454514,7.198391667,2.374780556,0
2024-11-24,78.84995465,4.17705036,13.79115108,9.667,82.81294964,0.256768795,122.3631972,8.052015972,2.895611111,0
2024-11-25,76.20349486,4.1505,14.06078571,9.525164257,81.84857143,0.527629993,124.0207188,11.25475,1.549770833,0
2024-11-26,80.73537563,3.672285714,14.22057143,9.823642857,86.36171429,0.398712755,86.61375486,11.55140625,2.189498611,0
2024-11-27,79.35435299,4.116170213,14.45425532,9.411163135,83.82602837,0.197127774,66.11936736,6.87665,1.512225,0
2024-11-28,79.97340313,3.570851064,14.62163121,9.209581546,82.50134752,0.040959247,71.99818056,7.223769444,1.976736111,3.048
2024-11-29,84.05412264,4.203857143,14.75771429,8.750564286,87.02592857,0.000487261,36.63075903,1.832534028,1.502615972,0
2024-11-30,84.67874361,4.368085113,14.9441844,7.923184397,87.85397163,0.012339988,126.3083354,-0.346852778,1.990755556,0
2024-12-01,85.10875507,4.440214286,15.10207143,7.383821429,88.30085714,0.005049217,55.38130972,0.796384722,1.796865972,0
2024-12-02,85.72106604,4.125957447,15.24156028,6.603787234,89.22269504,0.00292033,106.8816368,-2.2521,2.698690972,0
2024-12-03,86.21805259,2.652222222,15.43940741,5.8622,88.50813008,-0.007773653,122.2377632,-3.201202083,3.3102125,0
2024-12-04,85.67936417,1.442676056,15.66225352,5.278302817,87.10415493,0.024836606,49.85294028,-1.650315278,1.27565625,0
2024-12-05,86.66569479,0.929148936,15.73815603,4.922666667,87.5506383,0.000397831,119.2151965,-0.630103472,2.836310417,0
2024-12-06,88.05677486,0.916785714,15.90228571,3.993092857,89.20064286,-0.00019543,117.7892965,-4.365295833,3.274713194,0
2024-12-07,88.36816271,0.948642857,16.0415,3.418342857,89.69464286,0.003093285,112.5827056,0.092842361,2.018004167,0
2024-12-08,89.22594201,0.873597122,16.07402878,3.344258993,90.7494964,0.000218392,76.74491597,9.188928472,2.211463889,0
2024-12-09,89.62432722,1.11584507,16.02197183,3.588007042,91.31802817,-0.000344353,69.84021181,8.354300694,1.468854167,7.366
2024-12-10,87.96097597,1.245755396,16.00165468,3.69818705,91.55928058,0.002073508,26.34327986,8.061777778,1.710089583,12.192
2024-12-11,89.99101618,1.266714286,15.84614286,4.172807143,92.87464286,0.002162208,19.03179444,7.599279167,2.278177778,39.116
2024-12-12,91.69987438,1.092302158,15.88604317,3.954064748,93.87395683,3.20E-05,115.2973743,0.860718056,1.760536806,0
2024-12-13,91.78137826,1.286099291,15.9435461,3.727652482,94.17163121,0.001548893,93.71470903,3.186675694,0.836998611,0
2024-12-14,91.24886319,1.422,15.8935,3.849971429,94.73685714,0.000156293,87.60411875,-0.151163889,0.650814583,0
2024-12-15,90.34439229,1.944609929,15.89460993,3.789460993,94.62602837,0.002459614,11.05173611,1.006265972,0.512648611,10.16
2024-12-16,87.16968153,1.7655,15.8855,3.733307143,94.57685714,0.003140659,23.7916375,3.961932639,0.412564583,1.524
2024-12-17,87.51409569,1.414255319,15.82368794,4.079234043,95.85595745,0.00261886,60.31420278,10.42265556,1.166052083,0
2024-12-18,92.88496139,1.618478261,15.72963768,4.327326087,96.8784058,0.012128454,36.59921944,8.174104861,1.856053472,0.762
2024-12-19,93.76897882,1.324184397,15.71148936,4.427404255,97.40319149,0.01583325,114.4165653,4.799315972,2.465520139,0
2024-12-20,93.6150841,1.759857143,15.69057143,4.486092857,97.71357143,0.004725374,62.93408472,3.160142361,0.574242361,0.254
2024-12-21,94.90262076,1.042887324,15.69507042,4.250725352,97.83647887,0.000353441,115.9128229,0.037040278,0.681095139,0
2024-12-22,93.79434799,1.313617021,15.78297872,3.629503546,96.98283688,0.004587393,117.1420299,-4.410524306,1.882768056,0
2024-12-23,87.5997359,0.959928571,15.72507143,3.706492857,97.26835714,0.01963581,112.3204778,-3.378044444,1.158065972,0
2024-12-24,89.54086313,1.500992908,15.76539007,3.599950355,97.46687943,0.008014904,47.40138681,2.507278472,2.188890278,0
2024-12-25,91.25824576,1.5875,15.75678571,3.616235714,97.85664286,0.000972468,59.25508125,2.915454861,1.491713194,0
2024-12-26,77.93899604,1.72035461,15.69297872,3.625439716,97.85177305,0.022805286,62.13617292,1.52160625,1.287830556,0
2024-12-27,62.36161882,2.238652482,15.63035461,3.777184397,98.54319149,0.004450246,36.65220347,1.284807639,0.883691667,2.794
2024-12-28,52.79512285,2.133214279,15.53742857,3.883214286,99.43078571,-0.002369397,40.20629514,5.743115972,0.602584722,17.78
2024-12-29,63.81526764,2.5455,15.40614286,4.125571429,99.21621429,0.008821788,11.45428819,11.7669875,2.032126389,14.478
2024-12-30,95.80268125,2.029,15.24414286,4.675257143,100.3473571,0.015696047,64.17662153,7.255533333,2.05404375,0.508
2024-12-31,94.97578729,1.957357143,15.19842857,4.762178571,100.5032857,0.030688009,29.70139167,5.812879167,2.017891667,2.032